PLAYER,TEAM,GP,MPG,PPG,FGM,FGA,FG%,3PM,3PA,3P%,FTM,FTA,FT%,ORB,DRB,RPG,APG,SPG,BPG,TOV,PF
Kyle Filipowski,UTA,3,28.6,29.3,10.7,19.0,0.561,3.0,7.7,0.391,5.0,8.0,0.625,1.3,6.3,7.7,2.3,0.3,0.7,2.3,6.0
Drew Timme,BRK,3,30.7,25.3,10.3,18.7,0.554,1.0,4.7,0.214,3.7,5.7,0.647,2.3,5.7,8.0,2.7,1.0,0.7,1.7,2.7
Quenton Jackson,IND,1,25.8,24.0,8.0,10.0,0.8,1.0,1.0,1.0,7.0,7.0,1.0,0.0,0.0,0.0,3.0,2.0,0.0,2.0,4.0
Reed Sheppard,HOU,2,30.6,23.0,8.0,22.0,0.364,3.5,11.0,0.318,3.5,5.0,0.7,0.0,5.5,5.5,2.5,4.0,1.5,4.5,3.0
"Terrence Shannon, Jr.",MIN,3,29.3,22.7,6.7,14.0,0.476,3.3,8.7,0.385,6.0,6.3,0.947,0.7,5.3,6.0,5.0,1.7,0.0,3.3,2.3
Matas Buzelis,CHI,2,28.4,22.5,6.0,14.0,0.429,2.0,6.0,0.333,8.5,10.0,0.85,0.0,5.0,5.0,1.0,1.0,1.5,4.0,4.0
Jordan Miller,LAC,5,31.8,22.0,7.0,13.2,0.53,2.0,5.2,0.385,6.0,6.8,0.882,2.2,5.6,7.8,2.6,1.2,0.2,2.8,2.2
Ron Holland,DET,3,29.6,21.7,6.3,12.0,0.528,2.3,5.0,0.467,6.7,8.7,0.769,1.0,5.0,6.0,2.3,4.0,0.3,4.0,4.3
David Jones-Garcia,SAS,5,24.9,21.6,7.8,14.8,0.527,3.6,6.8,0.529,2.4,2.6,0.923,1.4,4.8,6.2,3.8,1.2,0.0,3.8,2.8
"Kevin McCullar, Jr.",NYK,2,27.8,21.5,7.5,14.5,0.517,1.0,5.0,0.2,5.5,6.0,0.917,2.0,3.0,5.0,2.0,1.5,0.0,4.5,5.5
Javon Freeman-Liberty,CHI,5,29.5,21.0,6.6,13.2,0.5,1.2,4.0,0.3,6.6,8.2,0.805,1.4,4.6,6.0,3.4,1.4,0.6,2.6,2.6
"Walter Clayton, Jr.",UTA,1,27.2,21.0,8.0,17.0,0.471,4.0,10.0,0.4,1.0,2.0,0.5,0.0,6.0,6.0,3.0,0.0,1.0,2.0,6.0
Chris Livingston,MIL,4,28.3,20.8,7.5,15.3,0.492,2.0,5.3,0.381,3.8,5.3,0.714,1.8,3.5,5.3,2.3,0.8,0.5,2.8,3.5
Cooper Flagg,DAL,2,31.4,20.5,7.5,21.0,0.357,1.5,7.0,0.214,4.0,7.0,0.571,0.0,5.0,5.0,2.5,1.5,1.0,1.5,1.5
Cody Williams,UTA,5,31.7,20.4,7.6,16.4,0.463,2.6,7.6,0.342,2.6,3.6,0.722,0.4,4.0,4.4,2.8,2.2,0.4,2.2,2.4
Ajay Mitchell,OKC,3,27.3,20.0,6.3,12.3,0.514,1.3,3.7,0.364,6.0,7.3,0.818,1.0,5.0,6.0,4.3,1.7,0.7,4.7,3.3
Jaylon Tyson,CLE,3,29.6,19.7,6.3,15.7,0.404,2.7,7.7,0.348,4.3,5.3,0.813,2.3,3.7,6.0,6.7,1.3,1.3,4.0,4.3
Nae'qwan Tomlin,CLE,5,26.3,19.6,7.6,15.2,0.5,2.0,6.0,0.333,2.4,2.8,0.857,5.0,3.2,8.2,3.4,2.2,0.8,3.2,4.4
Kobe Bufkin,ATL,4,26.5,19.5,5.5,15.5,0.355,1.8,6.8,0.259,6.8,7.0,0.964,0.3,5.0,5.3,4.3,1.0,0.8,3.3,4.8
Tre Johnson,WAS,2,27.5,19.5,7.0,12.0,0.583,2.5,5.5,0.455,3.0,5.0,0.6,1.0,2.0,3.0,1.5,1.0,0.0,2.5,1.5
A.J. Lawson,TOR,4,23.9,18.5,5.3,10.5,0.5,2.5,5.5,0.455,5.5,7.3,0.759,1.0,4.3,5.3,3.0,1.8,0.8,2.0,1.8
Tristan Da Silva,ORL,2,28.1,18.5,7.0,14.0,0.5,2.5,6.5,0.385,2.0,2.5,0.8,1.5,4.5,6.0,3.0,1.0,1.0,4.5,5.0
Isaac Jones,SAC,6,26.3,18.3,7.0,10.8,0.646,0.5,1.5,0.333,3.8,4.7,0.821,2.5,4.2,6.7,1.7,0.3,0.7,1.8,2.5
Kennedy Chandler,HOU,5,31.1,18.2,6.2,16.0,0.388,1.4,5.0,0.28,4.4,7.2,0.611,1.0,1.6,2.6,4.8,1.8,0.6,2.6,2.4
Liam McNeeley,CHA,2,29.1,18.0,5.5,13.5,0.407,3.0,7.0,0.429,4.0,4.5,0.889,3.0,5.5,8.5,4.0,0.5,0.0,1.5,1.5
Pelle Larsson,MIA,3,29.0,18.0,4.3,10.0,0.433,1.3,4.0,0.333,8.0,9.7,0.828,0.0,2.3,2.3,3.7,0.7,0.0,4.3,2.3
Cam Spencer,MEM,4,27.6,17.8,5.5,12.8,0.431,2.8,7.3,0.379,4.0,4.5,0.889,1.5,1.8,3.3,2.5,0.8,0.0,2.8,4.5
Cole Swider,LAL,5,29.7,17.6,6.0,13.2,0.455,3.6,8.8,0.409,2.0,3.0,0.667,1.2,5.8,7.0,1.6,1.2,0.2,1.6,2.8
Myron Gardner,MIA,2,24.6,17.5,5.5,12.5,0.44,3.0,4.5,0.667,3.5,3.5,1.0,0.5,4.0,4.5,2.0,2.5,0.5,2.0,5.5
Jeremiah Fears,NOP,5,27.0,17.4,6.0,15.0,0.4,0.8,4.4,0.182,4.6,6.4,0.719,1.0,2.8,3.8,2.6,1.4,0.2,5.0,4.0
Kel'el Ware,MIA,3,28.9,17.3,6.7,12.7,0.526,1.7,2.7,0.625,2.3,3.7,0.636,2.3,7.7,10.0,0.7,1.3,1.7,1.0,3.3
Rob Dillingham,MIN,4,29.3,17.3,6.5,16.5,0.394,1.5,4.5,0.333,2.8,3.0,0.917,1.0,2.8,3.8,6.5,1.8,0.0,4.3,2.5
Tyrese Proctor,CLE,4,27.5,17.3,5.5,15.3,0.361,2.5,8.5,0.294,3.8,4.5,0.833,0.5,2.5,3.0,3.8,1.3,0.3,1.5,2.5
Leonard Miller,MIN,4,25.6,17.0,6.8,13.5,0.5,0.8,4.5,0.167,2.8,4.0,0.688,2.0,6.8,8.8,0.8,1.3,1.5,2.0,3.5
Javon Small,MEM,2,23.2,17.0,5.0,10.5,0.476,3.0,6.0,0.5,4.0,4.5,0.889,0.5,4.0,4.5,7.0,0.5,0.0,1.0,1.0
Kyshawn George,WAS,2,31.5,17.0,7.0,17.0,0.412,2.0,8.5,0.235,1.0,1.5,0.667,1.5,6.5,8.0,4.5,4.0,0.0,3.5,5.0
Reyne Smith,WAS,1,26.4,17.0,6.0,15.0,0.4,5.0,13.0,0.385,0.0,0.0,0.0,0.0,1.0,1.0,3.0,0.0,0.0,1.0,2.0
Quincy Olivari,BRK,3,25.6,16.7,4.0,11.3,0.353,1.3,6.7,0.2,7.3,9.7,0.759,1.3,2.0,3.3,2.7,1.0,0.0,3.3,4.0
Enrique Freeman,IND,5,27.8,16.6,5.8,8.0,0.725,1.0,1.8,0.556,4.0,6.2,0.645,2.8,6.8,9.6,2.0,0.8,1.8,2.0,3.6
Jamaree Bouyea,MIL,2,23.4,16.5,6.5,14.5,0.448,3.5,7.0,0.5,0.0,0.0,0.0,1.0,2.5,3.5,4.0,2.5,0.5,0.0,1.5
Jase Richardson,ORL,2,23.4,16.5,5.0,9.0,0.556,1.5,3.0,0.5,5.0,5.5,0.909,0.0,1.5,1.5,2.5,0.5,1.0,1.0,4.0
Cameron Christie,LAC,5,32.4,16.2,5.4,13.8,0.391,2.4,7.4,0.324,3.0,4.0,0.75,0.4,4.6,5.0,3.4,1.8,0.2,2.6,1.6
K.J. Simpson,CHA,6,28.6,16.0,5.5,13.2,0.418,1.8,6.2,0.297,3.2,3.8,0.826,0.7,4.8,5.5,5.7,1.0,0.2,2.7,2.2
Rayan Rupert,POR,4,25.3,16.0,5.3,9.0,0.583,2.3,3.5,0.643,3.3,3.3,1.0,1.8,4.0,5.8,3.0,1.5,0.0,1.8,4.5
Ja'Kobe Walter,TOR,5,24.9,16.0,4.8,13.2,0.364,2.2,8.0,0.275,4.2,5.2,0.808,0.2,3.0,3.2,0.6,2.6,0.4,2.2,4.0
A.J. Johnson,WAS,4,26.7,16.0,6.0,12.5,0.48,0.8,4.0,0.188,3.3,4.0,0.813,0.5,3.8,4.3,1.3,0.5,0.0,2.3,2.3
Dylan Harper,SAS,2,22.1,16.0,5.0,14.0,0.357,0.5,4.0,0.125,5.5,7.0,0.786,0.5,3.5,4.0,2.0,1.0,0.5,3.5,2.5
RayJ Dennis,IND,4,27.7,15.8,5.3,12.5,0.42,2.5,6.3,0.4,2.8,3.3,0.846,0.3,1.8,2.0,7.3,1.8,0.5,3.8,2.5
Jaylen Wells,MEM,3,25.5,15.7,4.7,12.7,0.368,2.3,7.0,0.333,4.0,4.3,0.923,0.7,2.7,3.3,2.3,1.0,0.3,2.3,3.0
Kon Knueppel,CHA,5,27.8,15.6,5.2,12.8,0.406,2.4,7.0,0.343,2.8,3.8,0.737,0.8,4.0,4.8,3.8,1.2,0.2,2.6,2.0
Caleb Love,POR,5,26.8,15.6,5.4,15.4,0.351,2.2,6.6,0.333,2.6,3.6,0.722,0.4,5.0,5.4,2.6,0.8,0.2,1.8,2.4
Adonis Arms,HOU,4,28.0,15.5,4.5,12.5,0.36,1.3,6.0,0.208,5.3,6.8,0.778,0.8,3.5,4.3,3.8,2.0,1.3,1.8,2.0
Alex Sarr,WAS,2,29.7,15.5,6.0,12.5,0.48,0.5,2.5,0.2,3.0,4.0,0.75,2.5,5.5,8.0,2.0,0.5,5.5,4.0,1.5
Charles Bassey,BOS,3,21.3,15.3,6.3,9.0,0.704,0.0,0.0,0.0,2.7,2.7,1.0,4.0,7.0,11.0,0.3,0.7,2.0,1.7,1.7
Jacob Toppin,ATL,3,22.9,15.3,5.7,10.0,0.567,1.3,3.3,0.4,2.7,4.0,0.667,3.0,4.3,7.3,1.3,0.7,0.0,1.3,1.3
Nique Clifford,SAC,6,28.1,15.2,5.8,11.8,0.493,1.8,4.0,0.458,1.7,2.7,0.625,0.7,5.8,6.5,4.2,1.2,0.5,3.0,4.2
Branden Carlson,OKC,3,20.0,15.0,5.7,10.0,0.567,2.0,4.0,0.5,1.7,2.3,0.714,1.7,4.3,6.0,1.3,0.0,0.7,1.7,2.3
Jordan Walsh,BOS,4,22.6,15.0,4.8,10.3,0.463,1.8,4.5,0.389,3.8,5.8,0.652,1.0,3.0,4.0,1.3,1.0,0.0,1.3,3.0
Kasparas Jakucionis,MIA,3,27.1,15.0,4.3,9.7,0.448,2.0,5.7,0.353,4.3,4.3,1.0,0.7,3.0,3.7,3.0,1.7,0.3,3.3,3.0
V.J. Edgecombe,PHL,1,30.4,15.0,4.0,14.0,0.286,1.0,6.0,0.167,6.0,6.0,1.0,0.0,6.0,6.0,4.0,3.0,1.0,2.0,2.0
MarJon Beauchamp,NYK,5,22.6,14.8,5.2,12.0,0.433,1.6,6.0,0.267,2.8,4.2,0.667,0.4,2.8,3.2,1.8,0.6,0.6,2.0,2.2
Ryan Dunn,PHX,3,25.8,14.7,5.3,11.0,0.485,2.0,5.3,0.375,2.0,3.3,0.6,2.3,3.0,5.3,2.0,2.0,0.3,1.3,3.7
Curtis Jones,DEN,5,20.2,14.6,5.6,10.2,0.549,2.8,6.0,0.467,0.6,1.2,0.5,0.8,3.6,4.4,3.8,0.8,0.6,1.8,2.4
Devin Carter,SAC,6,26.9,14.5,5.0,12.3,0.405,1.8,6.3,0.289,2.7,4.5,0.593,0.5,3.3,3.8,4.5,1.7,0.8,2.2,2.8
Kevon Harris,HOU,4,25.2,14.5,5.0,11.3,0.444,1.8,6.3,0.28,2.8,4.0,0.688,2.0,3.0,5.0,3.3,2.8,0.0,1.3,3.0
"Patrick Baldwin, Jr.",LAC,4,26.2,14.5,5.3,13.3,0.396,1.8,7.3,0.241,2.3,3.0,0.75,1.3,6.0,7.3,0.8,1.8,1.5,2.5,4.0
Boogie Ellis,PHX,5,21.9,14.4,4.6,10.4,0.442,3.2,5.6,0.571,2.0,2.0,1.0,1.2,2.6,3.8,3.2,2.0,0.0,2.4,3.6
Antonio Reeves,NOP,5,20.6,14.4,5.0,10.8,0.463,1.0,3.2,0.313,3.4,3.4,1.0,1.0,2.4,3.4,0.6,0.8,0.0,0.6,1.4
Pete Nance,MIL,4,28.1,14.3,5.3,10.0,0.525,2.3,5.5,0.409,1.5,2.3,0.667,0.8,4.3,5.0,2.3,1.0,2.3,1.5,3.5
Bronny James,LAL,4,24.3,14.3,5.0,10.5,0.476,1.5,5.0,0.3,2.8,3.5,0.786,1.3,1.5,2.8,3.8,0.8,0.3,4.0,2.3
Jaylen Sims,CHA,6,23.1,14.2,4.5,8.2,0.551,1.2,2.7,0.438,4.0,5.0,0.8,1.0,2.7,3.7,1.8,1.8,0.0,1.7,1.7
Daniss Jenkins,DET,5,22.6,14.0,4.4,9.8,0.449,1.6,3.8,0.421,3.6,4.6,0.783,0.2,2.4,2.6,5.4,1.0,0.6,1.6,2.8
Judah Mintz,PHL,5,26.5,14.0,3.8,9.8,0.388,0.6,2.4,0.25,5.8,8.0,0.725,0.4,2.6,3.0,4.0,0.8,0.4,1.4,2.4
Jack McVeigh,ATL,4,22.8,14.0,5.0,8.5,0.588,2.5,5.5,0.455,1.5,1.5,1.0,0.8,1.8,2.5,1.0,0.3,0.3,1.3,1.8
G.G. Jackson,MEM,3,27.0,14.0,5.0,11.3,0.441,0.7,4.0,0.167,3.3,5.0,0.667,0.7,4.7,5.3,2.7,0.0,1.3,0.7,3.0
Derik Queen,NOP,3,27.1,14.0,4.7,10.7,0.438,0.3,0.7,0.5,4.3,6.0,0.722,3.3,7.7,11.0,2.3,0.7,1.0,5.7,4.3
Tidjane Salaun,CHA,3,24.4,14.0,4.3,9.7,0.448,1.7,5.0,0.333,3.7,5.7,0.647,1.7,4.0,5.7,1.0,0.0,0.7,1.7,3.0
Kobe Brown,LAC,1,20.2,14.0,5.0,7.0,0.714,2.0,3.0,0.667,2.0,2.0,1.0,2.0,2.0,4.0,4.0,2.0,0.0,3.0,1.0
Ja'Vier Francis,GOS,1,20.7,14.0,7.0,11.0,0.636,0.0,0.0,0.0,0.0,2.0,0.0,2.0,5.0,7.0,0.0,1.0,2.0,1.0,5.0
"Wendell Moore, Jr.",ORL,5,22.7,13.8,4.4,10.0,0.44,1.2,4.2,0.286,3.8,4.4,0.864,1.8,5.0,6.8,0.2,1.0,0.4,1.6,2.2
Mark Armstrong,PHL,4,16.0,13.8,4.8,10.3,0.463,1.8,4.3,0.412,2.5,3.5,0.714,0.5,2.0,2.5,1.8,0.8,0.0,1.3,1.0
Jahmir Young,CHI,5,20.1,13.6,4.8,9.0,0.533,1.8,3.2,0.563,2.2,2.6,0.846,0.6,1.2,1.8,4.0,0.8,0.0,2.4,0.4
Asa Newell,ATL,4,24.9,13.5,5.0,9.8,0.513,1.5,3.5,0.429,2.0,4.5,0.444,2.3,6.0,8.3,1.0,1.0,0.8,1.3,2.8
Johni Broome,PHL,4,23.4,13.5,5.0,11.3,0.444,2.5,5.5,0.455,1.0,1.3,0.8,1.8,6.0,7.8,1.3,1.3,0.5,1.8,3.0
Kam Jones,IND,4,26.3,13.5,5.3,10.8,0.488,1.5,4.5,0.333,1.5,2.0,0.75,1.5,2.3,3.8,5.3,1.8,0.3,3.0,3.5
Isaiah Collier,UTA,4,28.2,13.5,5.3,12.8,0.412,1.3,4.0,0.313,1.8,4.0,0.438,0.5,3.5,4.0,7.0,1.3,0.3,3.8,2.5
Dominick Barlow,PHL,2,22.1,13.5,6.0,10.0,0.6,0.5,2.5,0.2,1.0,1.0,1.0,4.0,3.0,7.0,1.5,1.5,0.0,1.0,2.5
Jamal Shead,TOR,5,25.3,13.4,4.4,11.2,0.393,1.0,4.2,0.238,3.6,4.8,0.75,1.0,2.2,3.2,6.6,1.6,0.4,3.4,3.4
Tristan Enaruna,CLE,5,24.4,13.2,5.0,9.6,0.521,1.4,4.0,0.35,1.8,3.2,0.563,1.4,2.0,3.4,1.4,0.8,0.6,0.8,1.0
Phillip Wheeler,IND,5,18.5,13.2,3.6,6.8,0.529,0.4,1.8,0.222,5.6,6.2,0.903,1.6,1.6,3.2,0.6,0.4,1.2,1.6,3.2
Tolu Smith,DET,5,21.5,13.0,4.2,8.4,0.5,0.0,0.0,0.0,4.6,6.8,0.676,3.8,4.2,8.0,1.6,0.4,2.2,1.8,3.2
DaRon Holmes II,DEN,4,27.4,13.0,5.0,9.8,0.513,2.0,4.8,0.421,1.0,1.8,0.571,2.0,7.5,9.5,1.8,1.0,0.3,1.8,2.8
Jackson Rowe,GOS,2,25.0,13.0,5.0,7.0,0.714,1.5,3.0,0.5,1.5,3.5,0.429,0.5,4.0,4.5,1.5,1.5,1.0,2.5,2.0
Maxime Raynaud,SAC,5,24.7,12.8,5.4,11.0,0.491,0.8,3.2,0.25,1.2,2.0,0.6,1.6,4.4,6.0,1.4,0.6,1.0,1.4,3.6
Noa Essengue,CHI,3,24.9,12.7,4.3,10.3,0.419,1.3,5.0,0.267,2.7,4.3,0.615,2.0,3.3,5.3,0.7,1.3,0.7,3.0,2.0
James Bouknight,POR,5,19.1,12.6,4.0,6.2,0.645,2.0,3.8,0.526,2.6,3.2,0.813,0.4,3.4,3.8,3.0,1.0,1.0,2.4,1.0
Miles Kelly,DAL,5,23.7,12.6,4.2,10.8,0.389,2.4,7.4,0.324,1.8,1.8,1.0,0.4,3.0,3.4,1.0,1.2,0.4,1.2,2.2
Spencer Jones,DEN,4,26.4,12.5,4.3,8.3,0.515,2.5,5.5,0.455,1.5,2.3,0.667,1.5,2.5,4.0,0.5,1.8,1.0,1.0,5.3
Hunter Tyson,DEN,2,28.6,12.5,4.5,14.0,0.321,1.5,5.5,0.273,2.0,3.0,0.667,1.0,8.0,9.0,1.0,1.0,0.0,1.0,1.0
Chris Youngblood,OKC,5,21.6,12.4,4.4,7.6,0.579,2.6,5.0,0.52,1.0,1.4,0.714,1.2,1.6,2.8,1.6,1.4,0.2,0.8,2.4
Justin Edwards,PHL,3,27.5,12.3,4.0,12.0,0.333,3.0,7.3,0.409,1.3,1.7,0.8,0.3,3.3,3.7,1.3,0.0,0.0,3.0,3.3
Oso Ighodaro,PHX,4,29.3,12.3,5.0,8.8,0.571,0.0,0.3,0.0,2.3,4.8,0.474,3.3,5.3,8.5,2.3,1.8,0.8,3.5,2.3
Baylor Scheierman,BOS,4,28.9,12.3,4.3,15.5,0.274,2.0,9.8,0.205,1.8,2.0,0.875,0.5,4.8,5.3,6.8,2.3,0.0,1.8,2.5
Brooks Barnhizer,OKC,5,24.4,12.0,4.6,10.0,0.46,0.4,2.6,0.154,2.4,4.0,0.6,0.6,4.6,5.2,2.2,3.2,0.6,1.2,1.4
Keshad Johnson,MIA,3,28.7,12.0,4.3,9.3,0.464,1.0,4.0,0.25,2.3,3.0,0.778,1.7,2.3,4.0,3.7,1.0,1.3,1.0,4.7
Maxwell Lewis,DAL,5,18.3,12.0,4.6,10.6,0.434,1.8,4.2,0.429,1.0,1.4,0.714,1.2,0.8,2.0,1.4,0.4,0.4,1.4,1.6
Koby Brea,PHX,3,24.0,12.0,4.7,11.0,0.424,2.0,4.7,0.429,0.7,0.7,1.0,0.3,3.7,4.0,0.7,0.7,0.0,2.7,1.3
Eli N'Diaye,ATL,1,20.8,12.0,4.0,8.0,0.5,1.0,4.0,0.25,3.0,4.0,0.75,4.0,2.0,6.0,2.0,1.0,1.0,0.0,3.0
Pacome Dadiet,NYK,2,21.7,12.0,5.5,12.0,0.458,1.0,4.0,0.25,0.0,0.5,0.0,1.0,2.5,3.5,1.0,0.0,0.5,2.0,2.0
Jaden Campbell,NYK,1,21.7,12.0,4.0,7.0,0.571,4.0,6.0,0.667,0.0,0.0,0.0,0.0,0.0,0.0,0.0,0.0,1.0,0.0,2.0
Tyler Kolek,NYK,5,26.6,11.8,4.2,13.0,0.323,1.2,7.0,0.171,2.2,2.6,0.846,0.6,2.2,2.8,5.0,1.6,0.8,4.0,2.8
Cormac Ryan,MIL,5,23.1,11.8,3.0,9.2,0.326,1.4,5.6,0.25,4.4,4.8,0.917,1.2,1.2,2.4,1.6,1.2,0.2,2.0,3.0
Nikola Djurisic,ATL,4,24.5,11.8,4.3,9.0,0.472,0.3,1.0,0.25,3.0,3.8,0.8,0.3,2.8,3.0,3.5,0.8,0.8,2.3,4.0
Tyrese Samuel,BRK,3,17.3,11.7,4.7,6.0,0.778,0.3,0.7,0.5,2.0,2.7,0.75,3.0,3.3,6.3,1.0,1.3,0.7,1.3,2.0
"Robert Baker, Jr.",IND,4,16.3,11.5,4.5,8.5,0.529,1.5,4.3,0.353,1.0,1.8,0.571,1.3,4.0,5.3,1.8,1.3,0.8,0.5,1.5
Tyson Etienne,BRK,2,22.9,11.5,4.0,11.0,0.364,3.5,9.0,0.389,0.0,0.0,0.0,1.5,0.5,2.0,2.5,1.5,0.0,1.5,4.0
Tamar Bates,DEN,5,20.6,11.4,4.6,11.4,0.404,0.8,4.2,0.19,1.4,1.4,1.0,1.2,1.4,2.6,1.8,1.6,0.2,1.6,2.4
Noah Penda,ORL,3,27.5,11.3,5.0,9.7,0.517,1.0,3.3,0.3,0.3,1.0,0.333,1.3,6.3,7.7,3.0,1.7,0.7,3.7,2.7
Johnny Furphy,IND,3,22.9,11.3,4.3,8.3,0.52,1.0,4.0,0.25,1.7,2.3,0.714,0.3,3.7,4.0,2.3,1.0,0.7,2.7,2.7
Ryan Nembhard,DAL,3,29.5,11.3,4.3,10.7,0.406,1.0,3.0,0.333,1.7,2.0,0.833,0.0,2.7,2.7,6.7,0.7,0.0,3.7,3.7
Egor Demin,BRK,3,25.1,11.3,3.7,9.0,0.407,3.3,7.7,0.435,0.7,0.7,1.0,1.0,3.3,4.3,1.3,1.0,0.0,3.0,1.7
Riley Minix,SAS,4,26.5,11.3,3.8,8.3,0.455,2.3,4.8,0.474,1.5,1.5,1.0,2.5,2.8,5.3,1.8,0.8,0.5,1.5,3.5
Jamir Watkins,WAS,5,26.2,11.0,3.8,11.4,0.333,1.4,6.4,0.219,2.0,2.8,0.714,1.4,3.6,5.0,1.6,4.2,0.8,1.4,2.8
Chris Manon,GOS,5,18.1,11.0,3.2,6.4,0.5,0.4,0.8,0.5,4.2,6.4,0.656,1.8,3.4,5.2,2.0,1.4,1.6,2.8,2.4
D.J. Carton,POR,5,21.5,11.0,3.6,6.6,0.545,1.0,2.6,0.385,2.8,3.6,0.778,0.8,2.4,3.2,2.4,1.8,0.0,2.4,1.2
Nikola Topic,OKC,3,27.3,11.0,4.3,12.0,0.361,1.0,3.0,0.333,1.3,1.3,1.0,1.3,2.0,3.3,7.3,1.7,0.0,3.7,3.3
Tosan Evbuomwan,BRK,3,27.4,11.0,3.3,11.0,0.303,0.3,2.7,0.125,4.0,4.7,0.857,1.3,3.3,4.7,2.7,2.7,0.7,2.7,3.7
Reyne Smith,WAS,2,22.2,11.0,3.5,10.5,0.333,3.0,9.0,0.333,1.0,1.0,1.0,0.5,0.5,1.0,2.0,0.5,0.0,0.5,1.5
Marcio Santos,ORL,1,14.0,11.0,2.0,7.0,0.286,1.0,5.0,0.2,6.0,6.0,1.0,2.0,2.0,4.0,1.0,2.0,0.0,2.0,1.0
Babacar Sane,MIN,1,17.4,11.0,4.0,8.0,0.5,0.0,1.0,0.0,3.0,6.0,0.5,1.0,2.0,3.0,1.0,0.0,0.0,1.0,2.0
Keve Aluma,PHL,5,20.1,10.8,3.8,7.8,0.487,1.4,4.0,0.35,1.8,2.2,0.818,2.4,2.0,4.4,0.6,1.2,0.6,1.0,2.2
"Kenny Lofton, Jr.",BOS,4,18.5,10.8,3.5,7.3,0.483,0.8,1.5,0.5,3.0,4.0,0.75,2.3,3.5,5.8,3.0,1.0,0.5,3.0,4.3
Yang Hansen,POR,4,24.5,10.8,4.0,8.8,0.457,1.0,3.0,0.333,1.8,2.0,0.875,1.0,4.0,5.0,3.8,0.5,2.3,3.8,4.3
Hugo Gonzalez,BOS,4,26.0,10.8,3.3,10.8,0.302,1.8,5.8,0.304,2.5,4.3,0.588,1.8,2.8,4.5,2.8,0.3,1.0,3.3,3.8
Erik Stevenson,MIA,5,20.8,10.6,3.4,7.6,0.447,2.4,4.8,0.5,1.4,1.4,1.0,1.0,2.8,3.8,1.8,0.2,0.4,2.0,2.8
M.J. Walker,CHA,5,22.5,10.6,3.6,9.8,0.367,3.2,7.6,0.421,0.2,0.4,0.5,0.8,2.8,3.6,1.8,0.4,0.0,0.6,2.8
Collin Murray-Boyles,TOR,4,23.6,10.5,4.0,7.0,0.571,0.5,2.3,0.222,2.0,3.5,0.571,3.0,2.5,5.5,2.0,1.8,1.0,2.5,4.5
Gabe Madsen,GOS,4,13.1,10.5,3.8,6.3,0.6,2.5,4.3,0.588,0.5,0.8,0.667,1.0,1.3,2.3,1.0,0.8,0.0,1.5,0.5
Dillon Jones,WAS,4,20.7,10.5,3.5,7.3,0.483,0.8,3.0,0.25,2.8,3.5,0.786,0.8,3.5,4.3,1.0,0.8,0.3,2.0,1.3
Bub Carrington,WAS,2,30.4,10.5,3.0,8.0,0.375,2.0,4.5,0.444,2.5,3.5,0.714,0.5,4.0,4.5,4.0,1.5,0.0,2.5,2.5
Will Riley,WAS,2,21.8,10.5,3.5,6.0,0.583,2.0,3.5,0.571,1.5,2.0,0.75,0.0,1.5,1.5,1.5,0.0,0.0,0.5,1.5
Tyler Burton,MEM,5,16.6,10.4,4.0,8.4,0.476,1.0,3.8,0.263,1.4,1.6,0.875,0.6,3.2,3.8,1.2,0.8,0.4,1.2,0.6
Chaz Lanier,DET,5,23.7,10.4,3.8,11.2,0.339,2.8,8.2,0.341,0.0,0.0,0.0,0.2,1.6,1.8,2.2,0.8,0.4,0.6,1.2
Dalton Knecht,LAL,3,28.4,10.3,4.0,14.3,0.279,1.7,7.0,0.238,0.7,2.0,0.333,1.7,3.0,4.7,1.3,1.0,0.3,1.3,2.7
Will Richard,GOS,4,23.1,10.3,4.0,8.3,0.485,1.0,4.5,0.222,1.3,1.5,0.833,2.0,2.3,4.3,2.0,2.3,0.5,1.8,2.5
Mason Jones,SAC,5,26.4,10.2,2.4,6.4,0.375,1.8,4.8,0.375,3.6,4.4,0.818,1.0,2.4,3.4,5.0,1.0,0.0,2.2,2.8
Amari Bailey,MIN,5,18.2,10.0,4.0,8.8,0.455,0.6,2.4,0.25,1.4,2.0,0.7,1.0,2.6,3.6,3.6,0.8,0.6,2.8,1.2
Maozinha Pereira,CHI,4,25.3,10.0,4.0,8.3,0.485,1.0,4.0,0.25,1.0,1.3,0.8,1.5,4.5,6.0,1.8,0.5,1.3,1.5,3.8
Danny Wolf,BRK,3,24.7,10.0,3.0,7.7,0.391,1.3,3.3,0.4,2.7,4.0,0.667,0.7,6.7,7.3,2.7,1.0,2.0,3.3,3.3
Ethan Thompson,ORL,5,24.1,10.0,2.8,9.6,0.292,2.0,6.4,0.313,2.4,2.8,0.857,0.4,1.4,1.8,1.2,0.8,0.4,1.2,4.0
Khaman Maluach,PHX,3,23.3,10.0,3.3,9.3,0.357,1.0,4.3,0.231,2.3,5.3,0.438,2.0,3.7,5.7,0.3,0.7,1.3,2.3,4.0
John Tonje,UTA,2,22.6,10.0,3.0,9.0,0.333,2.0,6.5,0.308,2.0,3.0,0.667,1.0,3.5,4.5,2.5,0.5,0.0,3.0,3.5
Juwan Gary,LAC,1,13.6,10.0,3.0,4.0,0.75,1.0,2.0,0.5,3.0,3.0,1.0,1.0,1.0,2.0,1.0,0.0,1.0,1.0,2.0
Dink Pate,NYK,5,17.6,9.8,3.2,8.0,0.4,1.8,3.6,0.5,1.6,1.8,0.889,0.8,5.6,6.4,2.8,0.6,0.4,1.0,1.0
Malevy Leons,OKC,5,22.1,9.8,3.6,7.4,0.486,0.6,2.0,0.3,2.0,2.4,0.833,2.4,3.0,5.4,2.0,1.0,0.6,0.6,4.2
"Keion Brooks, Jr.",NOP,5,21.3,9.8,3.2,7.2,0.444,0.8,3.0,0.267,2.6,3.4,0.765,1.8,2.0,3.8,1.0,0.8,0.0,1.4,2.6
Tyler Smith,MIL,5,24.2,9.8,3.0,9.6,0.313,1.2,5.8,0.207,2.6,3.4,0.765,1.0,2.8,3.8,0.0,0.0,1.0,1.4,2.2
Ryan Kalkbrenner,CHA,6,25.0,9.7,3.7,6.5,0.564,0.3,1.2,0.286,2.0,2.8,0.706,1.8,3.7,5.5,1.3,0.7,1.7,1.0,1.8
Harrison Ingram,SAS,5,23.5,9.6,3.4,8.0,0.425,1.8,4.4,0.409,1.0,1.2,0.833,1.4,6.0,7.4,3.6,0.4,0.0,1.6,2.6
Yuki Kawamura,CHI,5,23.9,9.6,3.0,7.4,0.405,1.8,4.6,0.391,1.8,2.2,0.818,0.2,2.2,2.4,6.6,2.2,0.0,3.4,4.0
D.J. Steward,LAL,5,24.6,9.6,4.0,11.4,0.351,1.4,3.6,0.389,0.2,0.2,1.0,1.0,2.8,3.8,4.4,1.2,0.2,2.4,0.8
Javonte Cooke,MIA,5,21.1,9.6,3.4,9.2,0.37,1.4,5.0,0.28,1.4,1.4,1.0,0.2,3.0,3.2,2.4,0.8,0.2,1.6,2.2
Jonathan Mogbo,TOR,4,22.8,9.5,4.3,6.5,0.654,0.0,0.5,0.0,1.0,2.0,0.5,1.5,3.5,5.0,1.3,1.5,0.0,1.8,2.5
Vladislav Goldin,MIA,4,17.7,9.5,3.3,5.0,0.65,0.0,0.0,0.0,3.0,4.3,0.706,1.3,4.0,5.3,0.5,0.0,1.5,1.8,2.0
Trey Alexander,NOP,4,20.4,9.5,2.5,6.5,0.385,1.3,3.3,0.385,3.3,3.8,0.867,0.5,2.0,2.5,2.8,0.5,0.0,1.3,1.5
Taelon Peter,IND,4,23.6,9.5,4.0,7.0,0.571,1.0,3.8,0.267,0.5,0.5,1.0,0.5,1.8,2.3,1.8,0.8,0.3,1.8,1.0
Cameron McGriff,UTA,4,24.7,9.5,3.0,9.5,0.316,2.0,6.8,0.296,1.5,1.5,1.0,1.8,4.8,6.5,1.3,0.5,0.0,1.3,3.3
Dexter Dennis,SAS,5,21.9,9.4,2.8,5.8,0.483,2.4,4.8,0.5,1.4,2.2,0.636,0.8,1.2,2.0,0.4,0.2,0.8,0.6,1.6
Jamison Battle,TOR,5,21.5,9.4,3.4,7.4,0.459,2.0,5.8,0.345,0.6,0.8,0.75,0.4,2.4,2.8,0.8,1.0,0.2,1.0,1.8
Trentyn Flowers,LAC,5,26.8,9.4,3.4,9.2,0.37,0.8,4.4,0.182,1.8,2.8,0.643,1.0,3.4,4.4,2.6,1.4,0.2,3.0,2.4
Miles Norris,BOS,4,21.8,9.3,3.5,9.5,0.368,1.5,6.0,0.25,0.8,1.0,0.75,2.0,2.3,4.3,0.5,1.3,0.8,1.3,2.3
Tristen Newton,MIN,5,21.0,9.2,2.6,6.2,0.419,2.0,4.2,0.476,2.0,2.2,0.909,0.6,2.2,2.8,3.8,2.0,0.2,1.6,2.6
P.J. Hall,CHA,5,13.7,9.2,3.8,5.8,0.655,0.4,1.2,0.333,1.2,1.8,0.667,2.0,3.6,5.6,1.0,0.4,1.6,1.8,3.4
Norchad Omier,CLE,5,20.4,9.2,3.8,8.0,0.475,0.0,1.0,0.0,1.6,2.0,0.8,3.6,4.8,8.4,0.8,1.0,0.4,2.8,4.2
E.J. Harkless,UTA,5,26.0,9.2,2.6,9.8,0.265,0.8,5.2,0.154,3.2,3.8,0.842,2.0,2.6,4.6,2.4,2.0,0.4,1.0,2.8
Adam Flagler,ATL,5,18.8,9.2,3.4,9.8,0.347,1.6,5.2,0.308,0.8,1.0,0.8,0.8,1.4,2.2,2.2,0.6,0.2,1.2,1.0
Anton Watson,NYK,5,16.3,9.0,3.4,6.0,0.567,1.4,3.4,0.412,0.8,1.0,0.8,1.8,1.6,3.4,1.2,0.0,0.6,0.6,1.6
Bobi Klintman,DET,5,26.8,9.0,3.4,8.4,0.405,1.0,3.4,0.294,1.2,2.0,0.6,1.2,6.0,7.2,2.4,1.2,1.0,3.0,3.8
Stanley Umude,MIL,5,17.6,9.0,3.2,7.0,0.457,2.0,4.0,0.5,0.6,1.0,0.6,0.4,1.6,2.0,0.8,1.6,0.8,0.8,2.2
Jahmai Mashack,MEM,3,24.0,9.0,4.0,8.7,0.462,0.7,2.0,0.333,0.3,0.7,0.5,1.3,3.7,5.0,4.0,1.7,1.3,3.0,2.0
Taran Armstrong,GOS,3,21.9,9.0,3.0,6.3,0.474,1.7,4.0,0.417,1.3,1.3,1.0,0.7,4.3,5.0,4.0,1.3,0.0,3.0,1.7
Kobe Johnson,ATL,4,18.6,9.0,3.5,6.5,0.538,0.8,2.3,0.333,1.3,2.0,0.625,1.5,2.8,4.3,1.0,1.5,0.0,2.0,2.3
Alex Schumacher,PHX,4,12.0,9.0,3.3,7.3,0.448,1.3,3.0,0.417,1.3,1.5,0.833,0.3,1.3,1.5,2.5,0.8,0.0,1.5,2.0
Jazian Gortman,OKC,5,18.9,9.0,3.8,8.8,0.432,0.4,2.2,0.182,1.0,1.2,0.833,0.2,2.2,2.4,2.2,0.0,0.4,1.8,1.8
Zakai Zeigler,DET,4,14.8,9.0,2.3,5.8,0.391,1.3,2.8,0.455,3.3,3.5,0.929,0.0,0.5,0.5,3.0,0.8,0.0,1.8,2.3
Bo Montgomery,MEM,1,17.1,9.0,2.0,5.0,0.4,2.0,4.0,0.5,3.0,4.0,0.75,0.0,1.0,1.0,1.0,1.0,0.0,3.0,2.0
Alijah Martin,TOR,5,18.4,8.8,2.8,7.8,0.359,0.8,3.4,0.235,2.4,2.6,0.923,0.8,2.2,3.0,1.6,1.6,0.2,1.4,1.6
Sidy Cissoko,POR,5,21.9,8.8,3.0,7.6,0.395,1.0,3.8,0.263,1.8,2.8,0.643,0.4,2.4,2.8,3.2,1.0,0.6,2.0,3.6
Armando Bacot,MEM,4,18.0,8.8,3.5,7.0,0.5,0.0,1.3,0.0,1.8,2.0,0.875,2.3,3.5,5.8,1.0,0.3,1.3,1.3,3.8
Kendall Brown,BOS,5,15.0,8.6,3.6,5.2,0.692,0.6,0.8,0.75,0.8,1.0,0.8,0.0,1.8,1.8,1.0,0.6,0.2,1.2,1.4
Lester Quinones,NOP,5,21.6,8.6,3.0,8.6,0.349,1.6,5.4,0.296,1.0,1.2,0.833,0.2,3.8,4.0,2.0,1.0,0.2,1.8,4.4
Max Abmas,UTA,5,24.5,8.4,3.2,8.6,0.372,1.2,4.8,0.25,0.8,1.0,0.8,0.6,1.0,1.6,2.4,1.2,0.0,1.4,2.4
Jaden Shackelford,GOS,5,21.9,8.4,2.0,7.8,0.256,1.4,6.2,0.226,3.0,3.4,0.882,0.8,3.0,3.8,2.0,0.2,0.2,1.4,3.0
Zavier Simpson,LAC,4,24.7,8.3,3.0,6.3,0.48,0.8,2.0,0.375,1.5,2.5,0.6,1.5,2.0,3.5,4.3,1.8,1.3,2.8,3.3
Jaylen Clark,MIN,4,28.1,8.3,2.8,9.0,0.306,1.8,5.8,0.304,1.0,2.0,0.5,0.5,1.5,2.0,2.5,2.5,0.5,0.8,2.8
Khalif Battle,PHX,4,16.4,8.3,2.8,4.8,0.579,1.0,2.0,0.5,1.8,2.0,0.875,0.3,1.8,2.0,2.0,0.3,0.3,2.5,3.0
Jules Bernard,GOS,4,14.8,8.3,2.5,8.0,0.313,0.5,2.3,0.222,2.8,4.0,0.688,0.5,2.3,2.8,1.5,0.5,0.0,1.8,1.3
Jesse Edwards,MIN,5,15.6,8.2,3.2,5.0,0.64,0.0,0.0,0.0,1.8,3.6,0.5,1.4,2.2,3.6,0.2,0.6,1.4,0.8,4.0
Caleb Daniels,BRK,5,21.3,8.0,2.8,6.6,0.424,1.2,3.2,0.375,1.2,1.4,0.857,1.4,4.2,5.6,2.0,1.0,0.0,0.8,3.2
Jalen Bridges,BOS,4,15.5,8.0,3.0,6.8,0.444,1.5,5.0,0.3,0.5,1.0,0.5,0.8,2.5,3.3,0.5,1.5,0.8,0.3,0.8
Bogoljub Markovic,MIL,5,16.1,8.0,2.8,5.8,0.483,0.4,2.6,0.154,2.0,2.6,0.769,0.6,1.6,2.2,1.4,0.4,0.6,1.4,2.4
R.J. Davis,LAL,4,15.8,8.0,2.8,6.5,0.423,1.0,3.3,0.308,1.5,2.3,0.667,0.3,1.0,1.3,2.5,0.5,0.0,1.5,1.5
"Kira Lewis, Jr.",MIA,4,26.7,8.0,2.8,7.3,0.379,0.5,2.8,0.182,2.0,2.8,0.727,0.8,3.0,3.8,2.8,0.5,0.3,2.5,3.0
Tyrell Harrison,DEN,3,20.7,8.0,3.0,5.0,0.6,0.0,0.3,0.0,2.0,4.0,0.5,2.0,3.3,5.3,0.7,0.7,0.7,3.3,1.7
Caleb Grill,CHI,4,15.0,8.0,3.0,6.8,0.444,2.0,5.5,0.364,0.0,0.0,0.0,0.0,1.5,1.5,0.3,1.3,0.0,0.8,2.0
Keshon Gilbert,WAS,3,20.1,8.0,3.3,6.7,0.5,0.0,0.0,0.0,1.3,2.7,0.5,0.7,2.3,3.0,2.0,1.0,0.0,2.0,1.3
Emanuel Miller,CHI,2,22.6,8.0,2.5,6.5,0.385,0.0,1.5,0.0,3.0,4.0,0.75,0.5,4.5,5.0,1.5,1.0,0.5,1.0,1.5
Dain Dainja,MIA,3,13.7,8.0,3.0,5.7,0.529,0.0,0.0,0.0,2.0,4.3,0.462,1.3,2.0,3.3,0.3,0.0,0.3,1.7,3.0
Daniel Batcho,SAC,1,7.4,8.0,3.0,3.0,1.0,1.0,1.0,1.0,1.0,2.0,0.5,0.0,0.0,0.0,0.0,0.0,0.0,1.0,2.0
"Nate Williams, Jr.",HOU,1,31.2,8.0,4.0,15.0,0.267,0.0,7.0,0.0,0.0,0.0,0.0,2.0,4.0,6.0,3.0,1.0,0.0,5.0,4.0
Jordan Hall,DAL,5,20.5,7.8,3.2,8.2,0.39,1.0,3.4,0.294,0.4,0.4,1.0,1.0,3.4,4.4,4.0,0.8,0.4,1.8,2.2
Yuri Collins,PHX,4,26.0,7.8,3.0,7.8,0.387,0.0,1.0,0.0,1.8,1.8,1.0,0.5,2.0,2.5,6.0,1.3,0.3,3.5,2.3
Lachlan Olbrich,CHI,4,26.6,7.8,2.5,6.3,0.4,0.3,1.3,0.2,2.5,3.8,0.667,2.0,3.8,5.8,2.3,1.0,0.8,2.8,3.5
E.J. Liddell,DEN,4,23.4,7.8,2.5,6.5,0.385,0.5,2.3,0.222,2.3,3.5,0.643,2.0,3.3,5.3,0.5,0.0,1.8,2.8,3.3
Adem Bona,PHL,3,22.2,7.7,3.7,6.7,0.55,0.0,0.3,0.0,0.3,0.7,0.5,3.0,3.3,6.3,1.0,1.0,3.7,3.3,3.3
Saliou Niang,CLE,3,22.5,7.7,2.3,5.7,0.412,0.3,1.7,0.2,2.7,3.0,0.889,2.7,4.0,6.7,1.3,0.7,0.0,2.3,2.7
Jonathan Pierre,WAS,3,22.2,7.7,2.7,8.0,0.333,1.7,4.7,0.357,0.7,0.7,1.0,0.3,2.7,3.0,1.7,0.3,0.0,0.7,1.7
Jermaine Samuels,HOU,5,17.7,7.6,2.8,6.0,0.467,0.8,2.2,0.364,1.2,2.2,0.545,1.8,2.4,4.2,0.4,0.4,0.4,2.2,2.2
Donovan Williams,DEN,4,17.0,7.5,2.3,7.0,0.321,0.5,3.0,0.167,2.5,3.5,0.714,0.8,3.3,4.0,1.3,1.0,1.0,0.3,2.0
Matthew Cleveland,DAL,4,17.2,7.5,2.8,6.8,0.407,0.5,1.5,0.333,1.5,1.5,1.0,1.8,2.3,4.0,0.5,0.5,0.8,1.0,1.3
Aliou Diarra,DAL,2,8.0,7.5,2.0,2.0,1.0,0.0,0.0,0.0,3.5,5.0,0.7,2.5,3.0,5.5,1.0,0.0,0.5,0.0,0.5
Ethan Taylor,LAL,2,16.8,7.5,2.5,5.0,0.5,2.5,4.5,0.556,0.0,0.0,0.0,0.0,3.0,3.0,1.5,2.5,0.5,1.0,2.0
Great Osobor,HOU,5,16.3,7.4,2.8,6.0,0.467,0.0,0.4,0.0,1.8,3.4,0.529,2.6,2.2,4.8,1.0,1.0,0.6,1.2,2.6
Damion Baugh,CHA,6,19.2,7.3,2.8,6.2,0.459,1.0,2.5,0.4,0.7,1.3,0.5,0.5,3.5,4.0,3.5,1.3,0.3,1.8,1.3
Daeqwon Plowden,SAC,6,14.2,7.3,2.0,4.8,0.414,1.5,4.0,0.375,1.8,2.0,0.917,0.2,2.5,2.7,0.8,0.3,0.7,0.8,1.0
Yves Missi,NOP,3,24.2,7.3,3.0,10.3,0.29,0.0,0.0,0.0,1.3,4.3,0.308,4.3,6.3,10.7,0.3,0.7,2.3,0.7,3.3
Rasheer Fleming,PHX,3,16.8,7.3,3.0,6.0,0.5,1.3,3.7,0.364,0.0,0.0,0.0,2.0,2.0,4.0,0.7,1.7,0.3,0.3,2.3
Javan Johnson,ATL,3,18.4,7.3,3.0,6.7,0.45,1.3,3.0,0.444,0.0,0.0,0.0,0.3,3.3,3.7,0.3,0.0,1.0,1.7,1.3
Nolan Traore,BRK,3,22.8,7.3,2.3,7.7,0.304,0.3,2.3,0.143,2.3,2.7,0.875,0.7,2.7,3.3,2.7,0.0,0.0,2.3,3.0
Darius Bazley,LAL,4,21.5,7.3,2.5,4.3,0.588,0.3,0.8,0.333,2.0,5.3,0.381,2.3,5.0,7.3,2.3,0.8,2.0,2.0,2.5
Christian Koloko,LAL,5,17.5,7.2,3.0,5.2,0.577,0.2,1.0,0.2,1.0,1.8,0.556,1.2,2.8,4.0,1.8,1.2,2.6,0.8,4.0
Osayi Osifo,SAS,5,17.9,7.2,3.4,5.4,0.63,0.0,0.2,0.0,0.4,0.6,0.667,1.2,3.8,5.0,1.4,0.2,0.8,0.2,3.0
Reece Beekman,DEN,5,24.9,7.2,2.0,7.4,0.27,0.0,2.0,0.0,3.2,3.4,0.941,0.2,3.2,3.4,6.0,2.0,0.6,3.6,2.2
Chris Ledlum,HOU,5,16.7,7.2,2.8,6.4,0.438,1.0,3.0,0.333,0.6,1.2,0.5,1.0,2.6,3.6,0.6,0.2,2.0,1.6,1.4
Moses Wood,PHX,5,19.8,7.2,2.8,8.8,0.318,1.0,5.6,0.179,0.6,1.2,0.5,1.2,2.6,3.8,1.6,1.0,1.0,0.8,1.8
Mylik Wilson,HOU,5,19.6,7.0,3.2,6.6,0.485,0.4,2.0,0.2,0.2,0.4,0.5,1.2,3.2,4.4,2.6,2.6,0.8,1.4,2.8
Mohamed Diawara,NYK,4,22.3,7.0,3.0,7.5,0.4,0.5,3.3,0.154,0.5,1.5,0.333,1.0,4.3,5.3,1.8,1.3,0.0,1.3,1.3
Alex Toohey,GOS,5,21.0,7.0,2.0,7.4,0.27,0.8,2.8,0.286,2.2,3.4,0.647,2.0,1.4,3.4,0.8,1.4,0.6,0.6,2.0
Isaiah Wong,BOS,5,13.4,7.0,2.2,4.8,0.458,1.0,2.6,0.385,1.6,2.0,0.8,0.4,0.2,0.6,1.6,0.6,0.0,0.8,0.8
Cam Carter,SAS,3,8.3,7.0,2.7,5.3,0.5,1.0,3.0,0.333,0.7,0.7,1.0,0.0,1.0,1.0,2.0,0.7,0.0,1.3,2.0
Carter Bryant,SAS,4,24.6,7.0,2.3,8.3,0.273,1.3,4.5,0.278,1.3,1.5,0.833,0.5,3.8,4.3,1.5,0.5,2.0,3.0,3.5
Brice Williams,DET,3,13.5,7.0,2.3,7.3,0.318,1.3,4.0,0.333,1.0,1.3,0.75,0.7,1.3,2.0,1.0,0.0,0.7,0.3,1.3
Ben Saraf,BRK,3,22.9,7.0,2.3,7.7,0.304,0.0,1.3,0.0,2.3,4.3,0.538,0.7,1.3,2.0,3.7,1.0,0.7,2.7,2.0
Sir'Jabari Rice,LAL,3,15.9,7.0,2.7,8.0,0.333,0.3,3.0,0.111,1.3,1.7,0.8,2.0,1.3,3.3,0.3,0.7,0.7,1.7,2.7
Donta Scott,GOS,1,19.8,7.0,2.0,6.0,0.333,1.0,5.0,0.2,2.0,2.0,1.0,1.0,1.0,2.0,1.0,2.0,1.0,1.0,1.0
"Craig Porter, Jr.",CLE,1,6.5,7.0,2.0,2.0,1.0,1.0,1.0,1.0,2.0,2.0,1.0,0.0,1.0,1.0,1.0,0.0,0.0,0.0,1.0
"Terrence Edwards, Jr.",MIL,1,8.6,7.0,3.0,6.0,0.5,0.0,1.0,0.0,1.0,3.0,0.333,3.0,1.0,4.0,0.0,0.0,0.0,2.0,0.0
Joan Beringer,MIN,4,23.1,6.8,2.5,4.8,0.526,0.0,0.0,0.0,1.8,2.5,0.7,3.0,3.5,6.5,1.5,0.8,2.5,0.8,4.5
Nathaniel Hinton,MEM,4,15.3,6.8,2.5,6.3,0.4,1.3,3.0,0.417,0.5,1.0,0.5,1.5,2.8,4.3,0.8,0.8,0.3,1.5,3.8
N'Faly Dante,HOU,3,15.8,6.7,3.0,4.3,0.692,0.0,0.0,0.0,0.7,1.3,0.5,2.0,1.0,3.0,1.3,0.7,1.7,0.7,3.7
Ulrich Chomche,TOR,5,19.9,6.6,2.2,4.8,0.458,0.0,0.0,0.0,2.2,3.0,0.733,2.4,2.4,4.8,1.0,1.4,1.4,1.4,3.0
Alondes Williams,ORL,5,21.0,6.6,2.0,7.4,0.27,1.6,5.0,0.32,1.0,1.6,0.625,0.2,2.4,2.6,2.8,1.4,0.8,2.6,2.0
Kobe Sanders,LAC,5,18.7,6.6,2.6,6.6,0.394,0.8,2.8,0.286,0.6,0.8,0.75,0.4,1.2,1.6,2.0,0.8,0.4,3.0,2.4
Leaky Black,WAS,4,21.7,6.5,2.0,5.5,0.364,0.8,3.0,0.25,1.8,2.8,0.636,1.3,3.5,4.8,2.3,1.0,1.0,1.5,2.5
C.J. Huntley,PHX,4,18.2,6.5,3.0,6.0,0.5,0.3,1.5,0.167,0.3,0.5,0.5,1.8,3.0,4.8,0.5,1.0,0.8,1.3,3.0
Ben Gregg,BOS,2,10.9,6.5,2.5,4.0,0.625,1.5,2.5,0.6,0.0,0.0,0.0,1.0,3.5,4.5,1.0,0.5,0.0,0.5,0.5
Trevor Keels,DET,4,13.1,6.5,2.5,5.8,0.435,1.0,3.5,0.286,0.5,0.5,1.0,0.5,0.8,1.3,0.5,0.0,0.0,0.8,0.8
Wooga Poplar,CHI,4,15.9,6.5,2.3,5.8,0.391,0.8,2.8,0.273,1.3,1.5,0.833,0.0,1.3,1.3,1.0,0.5,0.0,1.3,1.3
Micah Peavy,NOP,2,23.2,6.5,3.0,6.5,0.462,0.5,1.5,0.333,0.0,0.0,0.0,2.0,2.5,4.5,0.0,2.5,0.0,2.5,6.5
Skal Labissiere,ORL,5,16.2,6.4,2.2,4.8,0.458,0.0,1.0,0.0,2.0,2.0,1.0,1.4,1.2,2.6,1.0,0.4,1.4,1.2,4.0
Isaiah Stevens,SAC,6,21.3,6.3,2.2,5.5,0.394,1.0,2.3,0.429,1.0,1.5,0.667,1.3,1.8,3.2,3.7,0.7,0.2,1.0,1.3
Ariel Hukporti,NYK,3,18.7,6.3,2.3,4.0,0.583,0.0,0.0,0.0,1.7,2.7,0.625,2.7,5.0,7.7,1.7,0.7,2.0,2.7,4.0
Boo Buie,DEN,3,8.5,6.3,1.7,3.7,0.455,1.3,2.7,0.5,1.7,1.7,1.0,0.3,1.3,1.7,1.0,0.0,0.3,0.3,0.3
Hunter Dickinson,NOP,4,17.2,6.3,2.8,4.8,0.579,0.0,1.0,0.0,0.8,2.0,0.375,1.5,3.5,5.0,2.5,0.3,2.0,1.5,2.3
Amari Williams,BOS,4,17.6,6.3,2.0,4.5,0.444,0.0,0.5,0.0,2.3,2.5,0.9,1.5,3.5,5.0,1.8,0.5,0.5,2.0,2.0
Nelly Joseph,ATL,5,18.2,6.2,3.0,4.6,0.652,0.0,0.2,0.0,0.2,0.8,0.25,2.6,4.0,6.6,2.2,1.0,1.0,1.4,2.4
"Jameer Nelson, Jr.",SAS,5,13.5,6.2,1.8,4.8,0.375,0.0,1.4,0.0,2.6,2.8,0.929,0.0,1.4,1.4,2.2,1.0,0.0,1.8,1.8
Grant Nelson,BRK,5,19.1,6.0,2.2,3.8,0.579,0.4,1.4,0.286,1.2,1.8,0.667,1.6,2.8,4.4,1.2,0.6,0.2,1.4,4.2
Will Magnay,MEM,3,16.8,6.0,2.0,4.3,0.462,0.0,0.0,0.0,2.0,2.7,0.75,2.7,3.0,5.7,0.7,0.7,1.3,0.3,4.0
Zach Freemantle,ORL,3,11.0,6.0,2.0,5.3,0.375,0.7,1.3,0.5,1.3,1.3,1.0,1.7,2.7,4.3,0.7,0.7,0.0,0.7,1.3
Erik Reynolds II,OKC,5,11.6,6.0,2.0,5.0,0.4,1.6,3.8,0.421,0.4,1.0,0.4,0.0,0.6,0.6,0.8,0.8,0.0,0.8,1.0
T.J. Madlock,DET,2,14.2,6.0,2.5,5.0,0.5,0.5,1.0,0.5,0.5,1.5,0.333,0.5,1.0,1.5,1.0,1.0,1.0,0.5,1.5
Will Baker,NOP,2,6.9,6.0,1.5,2.5,0.6,0.5,0.5,1.0,2.5,2.5,1.0,0.5,0.5,1.0,0.0,0.5,0.0,0.5,1.0
Alex Higgins-Titsha,GOS,1,16.6,6.0,2.0,4.0,0.5,0.0,0.0,0.0,2.0,2.0,1.0,2.0,1.0,3.0,1.0,0.0,0.0,2.0,1.0
Justyn Hamilton,BRK,1,10.8,6.0,3.0,6.0,0.5,0.0,0.0,0.0,0.0,0.0,0.0,0.0,1.0,1.0,0.0,0.0,1.0,2.0,1.0
"D.J. Rodman, Jr.",CHA,5,15.6,5.8,2.0,3.8,0.526,1.0,2.2,0.455,0.8,1.0,0.8,0.6,2.6,3.2,1.2,0.8,0.0,0.6,1.0
Dmytro Skapintsev,POR,5,12.6,5.8,2.0,4.0,0.5,0.6,1.8,0.333,1.2,1.2,1.0,2.2,1.2,3.4,1.2,0.2,1.4,1.0,2.6
Jamal Cain,MIN,5,20.1,5.8,2.2,6.2,0.355,0.8,3.0,0.267,0.6,0.8,0.75,0.6,2.6,3.2,0.4,0.4,1.0,0.6,1.6
Hunter Sallis,PHL,5,25.4,5.8,2.0,7.8,0.256,0.2,2.6,0.077,1.6,2.2,0.727,0.6,3.0,3.6,1.8,1.6,0.6,1.8,1.4
Jack White,ATL,4,21.8,5.8,2.3,6.8,0.333,0.8,3.3,0.231,0.5,0.8,0.667,0.5,1.3,1.8,1.5,1.5,0.8,0.8,1.0
Jaden Akins,ORL,4,13.9,5.8,2.0,6.0,0.333,0.8,3.0,0.25,1.0,1.5,0.667,0.5,1.3,1.8,0.8,1.8,0.0,2.3,2.0
Garrison Brooks,DET,3,16.2,5.7,2.7,3.3,0.8,0.0,0.0,0.0,0.3,0.7,0.5,1.7,3.3,5.0,2.0,0.7,1.0,0.7,2.3
Aaron Estrada,MEM,3,13.9,5.7,2.3,5.7,0.412,1.0,2.7,0.375,0.0,0.0,0.0,0.0,1.3,1.3,1.0,0.3,0.7,1.3,0.7
Blake Hinson,GOS,5,12.6,5.6,2.0,6.4,0.313,1.2,5.0,0.24,0.4,1.2,0.333,0.4,0.6,1.0,0.2,0.0,0.2,1.2,1.2
"Andre Jackson, Jr.",MIL,4,21.2,5.5,1.5,3.0,0.5,1.0,1.5,0.667,1.5,1.5,1.0,0.5,3.3,3.8,3.5,0.8,0.3,2.5,3.0
Sion James,CHA,2,17.8,5.5,2.0,5.5,0.364,0.0,2.5,0.0,1.5,2.0,0.75,1.0,2.5,3.5,3.0,0.5,0.5,1.0,2.0
Oumar Ballo,MIA,2,10.9,5.5,1.5,2.0,0.75,0.0,0.0,0.0,2.5,5.5,0.455,1.0,3.5,4.5,0.5,0.0,0.5,1.0,1.0
Jacksen Moni,SAS,2,8.8,5.5,2.0,3.5,0.571,1.5,2.5,0.6,0.0,0.0,0.0,0.5,1.5,2.0,0.5,0.0,0.0,0.0,0.5
Josh Uduje,SAS,2,9.5,5.5,2.0,3.5,0.571,0.5,0.5,1.0,1.0,1.0,1.0,0.0,0.0,0.0,1.5,0.0,0.0,1.0,0.0
Moussa Cisse,DAL,5,13.8,5.4,2.4,4.0,0.6,0.0,0.0,0.0,0.6,1.6,0.375,2.6,1.4,4.0,0.0,0.6,1.6,0.4,2.0
"Phlandrous Fleming, Jr.",MEM,5,17.2,5.4,2.0,5.6,0.357,0.4,2.0,0.2,1.0,1.4,0.714,0.8,2.8,3.6,1.6,1.0,0.4,1.8,1.2
Brandon Angel,PHX,3,11.2,5.3,2.3,4.0,0.583,0.3,1.7,0.2,0.3,0.3,1.0,1.7,1.7,3.3,0.3,0.3,0.0,0.0,1.0
"Terrence Hargrove, Jr.",DEN,3,8.5,5.3,2.3,3.7,0.636,0.0,1.0,0.0,0.7,1.0,0.667,1.0,1.0,2.0,0.0,0.0,0.0,0.3,0.7
Nolan Hickman,DAL,3,11.1,5.3,2.0,4.0,0.5,1.3,2.0,0.667,0.0,0.0,0.0,0.0,1.7,1.7,1.3,0.3,0.0,1.7,1.0
Dawson Garcia,DET,4,13.9,5.3,2.0,3.0,0.667,0.5,1.0,0.5,0.8,1.3,0.6,1.3,2.3,3.5,1.0,0.0,0.8,1.0,5.0
Chaney Johnson,CLE,4,18.4,5.3,2.3,6.0,0.375,0.3,1.8,0.143,0.5,0.8,0.667,1.0,2.3,3.3,1.0,1.5,0.3,1.5,2.8
Max Shulga,BOS,5,21.0,5.0,1.4,5.8,0.241,0.6,2.8,0.214,1.6,2.2,0.727,0.0,1.6,1.6,3.8,1.8,0.4,0.6,3.0
Hason Ward,OKC,4,11.8,5.0,2.5,3.5,0.714,0.0,0.0,0.0,0.0,0.0,0.0,1.0,1.8,2.8,1.5,0.8,0.8,0.8,2.0
Jaylan Gainey,UTA,2,20.2,5.0,1.5,3.5,0.429,0.0,0.0,0.0,2.0,3.0,0.667,4.0,3.5,7.5,0.5,1.0,1.5,1.0,1.5
Josiah James,IND,3,17.1,5.0,1.7,6.0,0.278,0.7,2.7,0.25,1.0,2.0,0.5,1.0,1.3,2.3,2.3,1.7,0.3,1.0,0.7
Ibou Badji,DEN,2,15.2,5.0,2.5,4.0,0.625,0.0,0.0,0.0,0.0,0.0,0.0,3.5,0.5,4.0,1.0,0.5,0.0,0.0,0.5
Marques Bolden,GOS,3,11.5,5.0,1.7,3.7,0.455,0.0,1.0,0.0,1.7,1.7,1.0,1.3,1.7,3.0,0.0,0.0,1.3,1.0,1.3
Sean Pedulla,POR,5,12.3,5.0,1.8,5.6,0.321,1.2,3.0,0.4,0.2,0.4,0.5,0.0,1.8,1.8,2.0,1.0,0.0,1.8,2.8
Deivon Smith,ATL,2,14.2,5.0,1.5,2.5,0.6,0.0,0.0,0.0,2.0,2.0,1.0,0.0,2.5,2.5,2.5,0.0,0.0,1.5,2.0
L.J. Cryer,GOS,1,17.1,5.0,2.0,6.0,0.333,1.0,4.0,0.25,0.0,0.0,0.0,0.0,1.0,1.0,4.0,1.0,0.0,1.0,3.0
Reyne Smith,WAS,1,18.0,5.0,1.0,6.0,0.167,1.0,5.0,0.2,2.0,2.0,1.0,1.0,0.0,1.0,1.0,1.0,0.0,0.0,1.0
Martez Brown,MIN,1,8.7,5.0,2.0,3.0,0.667,1.0,1.0,1.0,0.0,0.0,0.0,1.0,2.0,3.0,0.0,0.0,1.0,3.0,3.0
Trey Townsend,NOP,1,15.7,5.0,1.0,4.0,0.25,1.0,2.0,0.5,2.0,2.0,1.0,1.0,0.0,1.0,0.0,0.0,0.0,0.0,1.0
Keisei Tominaga,IND,3,11.1,5.0,1.7,5.7,0.294,0.7,3.7,0.182,1.0,1.3,0.75,0.0,0.3,0.3,0.0,0.0,0.3,0.0,1.0
Terry Roberts,BRK,1,18.0,5.0,2.0,3.0,0.667,1.0,1.0,1.0,0.0,0.0,0.0,0.0,1.0,1.0,2.0,0.0,0.0,4.0,2.0
Markquis Nowell,MIL,5,19.7,4.8,1.6,5.8,0.276,0.8,4.0,0.2,0.8,1.4,0.571,0.4,1.6,2.0,5.8,0.8,0.6,2.6,2.2
Kyle Mangas,SAS,5,16.9,4.8,1.6,4.8,0.333,1.0,3.4,0.294,0.6,0.8,0.75,0.2,2.0,2.2,1.4,0.4,0.0,1.0,1.2
Hunter Maldonado,IND,4,16.0,4.8,1.8,4.3,0.412,0.8,2.8,0.273,0.5,0.8,0.667,0.8,1.0,1.8,0.8,1.8,0.3,0.5,1.5
Gabe McGlothan,DAL,4,18.7,4.8,1.8,5.5,0.318,1.0,4.0,0.25,0.3,0.5,0.5,1.0,3.8,4.8,0.3,0.5,0.0,1.0,1.0
Leopold Delaunay,GOS,4,13.8,4.8,2.0,4.8,0.421,0.3,1.5,0.167,0.5,1.3,0.4,0.3,2.8,3.0,1.8,0.5,0.0,1.0,2.0
Dre Davis,BRK,4,13.3,4.8,1.5,5.3,0.286,0.8,3.8,0.2,1.0,1.3,0.8,0.5,1.3,1.8,0.5,0.3,1.0,0.8,2.0
Akoldah Gak,WAS,3,16.8,4.7,1.7,3.7,0.455,0.0,0.0,0.0,1.3,2.7,0.5,1.3,2.7,4.0,1.7,0.3,0.0,0.3,1.3
T.J. Bamba,BRK,5,16.1,4.6,1.4,5.6,0.25,0.2,2.2,0.091,1.6,2.8,0.571,0.8,2.0,2.8,0.8,1.2,0.0,0.8,2.4
Taevion Kinsey,SAC,6,8.9,4.5,1.8,3.3,0.55,0.3,1.5,0.222,0.5,0.7,0.75,0.5,0.7,1.2,0.2,0.7,0.0,0.2,0.3
Zyon Pullin,MEM,2,19.5,4.5,1.0,4.5,0.222,0.5,1.5,0.333,2.0,2.0,1.0,1.0,1.5,2.5,3.0,0.0,0.0,1.0,0.0
Buddy Boeheim,IND,4,16.6,4.5,1.5,5.8,0.261,1.3,5.0,0.25,0.3,0.5,0.5,0.3,1.3,1.5,1.0,0.3,0.3,0.5,1.5
Zach Hicks,BOS,2,9.1,4.5,1.5,3.5,0.429,1.5,3.5,0.429,0.0,0.0,0.0,0.0,1.5,1.5,0.5,0.0,0.0,0.5,1.0
Malik Williams,MIL,5,11.5,4.4,1.8,4.0,0.45,0.4,1.6,0.25,0.4,1.0,0.4,1.2,3.4,4.6,1.2,0.2,0.4,0.2,1.4
Jalen Crutcher,ORL,5,18.5,4.4,1.4,5.4,0.259,1.2,4.2,0.286,0.4,0.8,0.5,0.6,1.6,2.2,3.0,0.4,0.0,1.8,0.6
Yanic Konan Niederhauser,LAC,3,24.1,4.3,2.0,4.7,0.429,0.0,0.7,0.0,0.3,0.7,0.5,1.0,4.0,5.0,0.0,2.0,1.7,1.7,3.0
"Dwight Murray, Jr.",ATL,3,13.6,4.3,1.7,3.7,0.455,0.3,0.7,0.5,0.7,0.7,1.0,0.0,0.7,0.7,3.7,0.7,0.0,1.0,0.3
Johnell Davis,ORL,3,17.9,4.3,1.3,3.3,0.4,0.3,1.0,0.333,1.3,1.7,0.8,0.3,3.0,3.3,2.3,1.3,0.0,2.3,2.3
John Ukomadu,DET,3,13.7,4.3,1.7,4.7,0.357,0.7,2.7,0.25,0.3,0.7,0.5,1.0,2.0,3.0,0.3,0.3,1.3,0.7,2.3
Obinna Anochili,DAL,3,11.7,4.3,1.7,3.7,0.455,0.7,1.3,0.5,0.3,0.7,0.5,0.7,1.3,2.0,0.3,0.0,0.7,0.3,1.7
Zhuric Phelps,DAL,3,15.9,4.3,2.0,6.3,0.316,0.3,2.0,0.167,0.0,1.0,0.0,0.3,1.3,1.7,3.3,0.3,0.7,1.7,1.3
Arthur Kaluma,LAL,3,12.8,4.3,1.7,3.7,0.455,0.7,1.7,0.4,0.3,0.7,0.5,0.3,1.7,2.0,0.7,0.0,0.7,0.7,2.7
Selton Miguel,UTA,3,4.6,4.3,1.7,3.0,0.556,1.0,2.0,0.5,0.0,0.0,0.0,0.0,1.0,1.0,0.0,0.0,0.0,0.7,0.3
Luka Scuka,NYK,4,11.2,4.3,1.0,4.0,0.25,0.5,2.8,0.182,1.8,2.5,0.7,0.5,1.0,1.5,0.5,0.5,0.3,0.0,1.5
David Muoka,CHI,5,14.1,4.0,1.8,4.0,0.45,0.0,0.0,0.0,0.4,0.6,0.667,1.8,2.8,4.6,0.8,0.4,1.0,1.4,1.6
Moses Brown,HOU,5,6.4,4.0,1.2,2.0,0.6,0.0,0.0,0.0,1.6,2.6,0.615,1.6,2.6,4.2,0.2,0.4,0.0,0.6,1.8
Darius Brown II,CLE,4,21.1,4.0,1.0,5.8,0.174,0.3,3.3,0.077,1.8,1.8,1.0,1.5,3.0,4.5,3.8,1.0,0.0,1.3,3.0
Coleman Hawkins,GOS,4,15.1,4.0,1.3,3.3,0.385,0.3,1.5,0.167,1.3,1.5,0.833,1.8,2.8,4.5,1.5,1.5,0.0,3.0,2.3
Cameron Tyson,POR,5,12.3,4.0,1.4,5.6,0.25,1.2,4.6,0.261,0.0,0.0,0.0,0.6,1.8,2.4,1.4,0.0,0.4,0.0,1.4
Romeo Weems,CHI,2,14.3,4.0,2.0,5.5,0.364,0.0,2.5,0.0,0.0,0.0,0.0,2.0,2.5,4.5,0.5,1.0,1.0,1.0,2.5
Nojel Eastern,MIN,1,21.3,4.0,1.0,5.0,0.2,0.0,1.0,0.0,2.0,2.0,1.0,3.0,1.0,4.0,1.0,2.0,1.0,1.0,0.0
Julian Reese,LAL,2,12.8,4.0,1.0,2.0,0.5,0.0,0.0,0.0,2.0,3.5,0.571,1.0,2.0,3.0,1.0,0.0,0.0,1.5,2.0
Solomon Young,PHX,2,8.5,4.0,1.5,4.0,0.375,0.5,1.5,0.333,0.5,1.0,0.5,1.0,0.5,1.5,0.0,0.5,0.5,0.0,2.0
Cameron Brown,OKC,5,15.0,3.8,1.4,5.0,0.28,0.6,2.0,0.3,0.4,0.4,1.0,0.8,2.8,3.6,1.6,1.2,0.2,0.4,1.0
Cameron Matthews,HOU,5,23.6,3.8,1.4,3.8,0.368,0.4,1.4,0.286,0.6,1.8,0.333,1.2,2.2,3.4,1.2,1.2,0.4,0.6,2.0
Olivier Nkamhoua,POR,5,10.3,3.8,1.4,3.4,0.412,0.6,1.8,0.333,0.4,0.8,0.5,0.4,1.2,1.6,0.8,0.4,0.8,0.6,0.8
Chucky Hepburn,TOR,5,13.5,3.8,1.0,4.4,0.227,0.8,3.4,0.235,1.0,1.2,0.833,0.4,0.6,1.0,3.6,1.2,0.0,1.6,4.6
Steven Ashworth,IND,5,10.0,3.8,1.0,3.0,0.333,0.8,2.6,0.308,1.0,1.0,1.0,0.0,0.8,0.8,2.4,0.6,0.0,2.4,1.2
Justin McKoy,POR,5,9.3,3.8,1.0,3.8,0.263,0.8,3.2,0.25,1.0,1.2,0.833,0.2,0.6,0.8,0.0,0.2,0.0,0.6,1.2
Warith Alatishe,CLE,4,15.2,3.8,1.8,3.0,0.583,0.0,0.0,0.0,0.3,1.3,0.2,2.3,1.8,4.0,1.0,0.5,1.8,0.5,1.0
Kadin Shedrick,CLE,4,12.0,3.8,0.8,2.3,0.333,0.0,0.8,0.0,2.3,3.0,0.75,1.3,0.3,1.5,0.8,1.0,0.8,1.0,3.3
Dae Dae Grant,NYK,4,10.9,3.8,1.3,5.3,0.238,1.3,3.5,0.357,0.0,0.0,0.0,0.5,0.5,1.0,1.8,0.3,0.0,1.8,2.0
Jordan Gainey,PHX,3,10.2,3.7,1.3,2.3,0.571,0.3,0.7,0.5,0.7,0.7,1.0,0.3,0.7,1.0,1.3,0.7,0.3,0.3,0.3
Jahmyl Telfort,LAC,5,12.3,3.6,1.4,2.6,0.538,0.8,1.6,0.5,0.0,0.4,0.0,0.8,1.6,2.4,1.4,0.4,0.4,0.6,1.4
Dane Goodwin,UTA,5,15.4,3.6,1.2,3.6,0.333,0.8,2.4,0.333,0.4,0.4,1.0,0.2,1.0,1.2,0.4,0.4,0.0,0.2,1.4
Kaodirichi Akobundu-Ehiogu,DEN,2,11.5,3.5,1.5,2.0,0.75,0.0,0.5,0.0,0.5,2.0,0.25,2.0,1.5,3.5,0.0,0.5,1.0,0.5,2.5
Hayden Gray,BOS,2,11.0,3.5,1.5,2.0,0.75,0.5,1.0,0.5,0.0,0.0,0.0,0.5,0.5,1.0,1.0,1.0,0.5,1.0,1.5
Yudai Baba,NYK,4,11.9,3.5,1.5,3.5,0.429,0.3,1.8,0.143,0.3,0.5,0.5,0.8,0.3,1.0,1.0,0.3,0.0,1.3,0.8
DaJuan Gordon,LAL,4,17.0,3.5,1.0,5.8,0.174,0.8,3.3,0.231,0.8,1.0,0.75,1.3,2.0,3.3,0.3,1.0,0.0,1.0,2.0
Miller Kopp,DET,4,12.3,3.5,1.3,2.8,0.455,1.0,2.5,0.4,0.0,0.5,0.0,0.0,0.5,0.5,0.5,0.0,0.0,0.3,2.5
Rocco Zikarsky,MIN,5,7.9,3.4,1.2,1.8,0.667,0.0,0.0,0.0,1.0,1.8,0.556,0.8,1.4,2.2,0.8,0.2,0.6,0.8,1.4
Jeremy Jones,MEM,5,14.1,3.4,1.4,4.2,0.333,0.6,2.6,0.231,0.0,0.0,0.0,0.4,1.6,2.0,1.0,0.6,0.0,0.2,0.0
Tyron Brewer,OKC,5,10.8,3.4,1.4,4.4,0.318,0.4,1.8,0.222,0.2,0.8,0.25,0.6,0.6,1.2,0.2,0.4,0.0,1.2,1.2
R.J. Felton,IND,3,5.7,3.3,1.3,3.0,0.444,0.7,1.7,0.4,0.0,0.0,0.0,0.3,0.3,0.7,0.3,0.0,0.3,0.7,1.0
Denver Jones,CLE,3,13.2,3.3,1.3,6.0,0.222,0.0,2.7,0.0,0.7,1.3,0.5,0.7,0.7,1.3,0.3,0.7,0.0,2.0,3.0
Adama Sanogo,UTA,4,12.9,3.3,1.3,1.8,0.714,0.0,0.0,0.0,0.8,1.0,0.75,2.0,3.5,5.5,1.8,0.5,0.5,0.3,0.8
Christian Shumate,NOP,4,17.4,3.3,1.5,3.5,0.429,0.0,1.3,0.0,0.3,0.5,0.5,1.8,4.3,6.0,0.5,0.5,0.3,1.3,1.8
Saint Thomas,PHL,4,9.7,3.3,1.3,3.3,0.385,0.3,1.5,0.167,0.5,0.5,1.0,1.3,1.5,2.8,0.8,0.8,0.5,0.3,1.0
Lawson Lovering,MEM,4,12.8,3.3,1.3,2.5,0.5,0.0,0.0,0.0,0.8,2.5,0.3,2.0,2.0,4.0,0.3,0.0,0.8,1.3,3.0
Zack Austin,OKC,4,14.3,3.3,0.8,4.3,0.176,0.3,3.0,0.083,1.5,1.5,1.0,0.8,1.3,2.0,0.5,1.5,0.3,0.5,1.8
James Nnaji,NYK,5,12.9,3.2,1.0,1.0,1.0,0.0,0.0,0.0,1.2,2.2,0.545,1.6,2.0,3.6,0.2,0.6,0.2,0.6,3.8
Isaiah Crawford,SAC,6,13.7,3.2,1.2,3.3,0.35,0.7,1.8,0.364,0.2,0.3,0.5,0.5,1.5,2.0,0.7,1.0,0.5,0.5,1.2
Jake Stephens,ATL,4,13.7,3.0,1.0,2.3,0.444,0.8,1.8,0.429,0.3,0.5,0.5,0.5,3.5,4.0,0.5,0.5,0.8,0.3,1.5
Matt Cross,DAL,3,19.9,3.0,0.7,5.0,0.133,0.7,3.7,0.182,1.0,1.3,0.75,2.0,5.3,7.3,1.3,0.0,0.3,1.0,2.0
J.C. Butler,MIA,3,15.7,3.0,1.3,3.3,0.4,0.3,1.3,0.25,0.0,0.0,0.0,1.0,1.7,2.7,1.3,1.0,0.3,0.7,1.3
Andrew Carr,POR,5,12.2,3.0,1.2,3.2,0.375,0.2,1.4,0.143,0.4,0.8,0.5,0.4,2.2,2.6,0.8,0.2,0.6,0.4,2.2
Josh Oduro,CHA,4,8.9,3.0,1.0,1.8,0.571,0.3,0.5,0.5,0.8,1.5,0.5,1.3,1.3,2.5,0.5,0.3,0.3,0.5,2.0
Jaylin Williams,DAL,3,17.0,3.0,1.0,4.3,0.231,0.3,1.3,0.25,0.7,0.7,1.0,0.7,3.7,4.3,0.7,1.7,0.0,1.3,0.7
Izan Almansa,PHL,4,11.2,3.0,1.0,2.3,0.444,0.0,0.3,0.0,1.0,1.5,0.667,0.5,1.3,1.8,0.0,0.5,0.3,0.3,1.5
Tytan Anderson,NOP,1,8.7,3.0,1.0,1.0,1.0,0.0,0.0,0.0,1.0,1.0,1.0,1.0,3.0,4.0,2.0,1.0,1.0,1.0,2.0
Samson Johnson,IND,2,8.1,3.0,1.0,1.0,1.0,0.0,0.0,0.0,1.0,1.0,1.0,1.0,0.5,1.5,0.0,0.0,1.0,0.0,1.5
Jax Robinson,CLE,4,16.2,3.0,1.0,5.0,0.2,0.5,4.3,0.118,0.5,0.5,1.0,1.3,0.5,1.8,0.5,0.3,0.0,0.5,1.3
Chase Hunter,NOP,5,11.7,2.8,0.8,4.0,0.2,0.6,2.0,0.3,0.6,0.8,0.75,0.4,1.0,1.4,0.6,0.4,0.0,1.0,1.4
Biwali Bayles,NYK,4,8.8,2.8,1.0,1.8,0.571,0.3,0.8,0.333,0.5,0.5,1.0,0.8,1.8,2.5,1.3,0.3,0.3,0.5,1.0
T.J. Bickerstaff,DET,3,13.9,2.7,1.0,4.3,0.231,0.0,0.7,0.0,0.7,1.7,0.4,1.7,3.0,4.7,1.0,1.3,0.3,0.7,1.7
Wade Taylor IV,MIL,3,12.0,2.7,1.0,5.3,0.188,0.7,3.7,0.182,0.0,0.0,0.0,0.0,2.3,2.3,3.3,1.3,0.0,0.7,3.0
William Hickey,CHI,3,8.6,2.7,0.7,2.3,0.286,0.0,0.7,0.0,1.3,1.7,0.8,1.0,0.3,1.3,0.7,0.0,0.0,0.3,2.0
Stefan Todorovic,PHL,3,7.2,2.7,0.7,3.7,0.182,0.7,1.7,0.4,0.7,1.3,0.5,0.7,1.0,1.7,0.3,0.0,0.3,0.7,0.0
Jamal Bey,NYK,3,15.0,2.7,0.7,4.7,0.143,0.0,2.7,0.0,1.3,1.7,0.8,0.0,0.3,0.3,2.0,1.0,0.0,0.7,1.0
Kylor Kelley,ORL,5,15.8,2.6,1.2,2.6,0.462,0.0,0.0,0.0,0.2,0.6,0.333,2.0,3.4,5.4,0.4,0.2,1.2,1.4,2.4
Colin Castleton,TOR,5,11.5,2.6,1.2,3.6,0.333,0.2,0.6,0.333,0.0,0.6,0.0,2.0,2.0,4.0,0.2,0.6,0.4,1.8,2.2
Jalen Slawson,PHL,4,18.7,2.5,0.3,2.8,0.091,0.0,1.3,0.0,2.0,2.5,0.8,1.0,4.5,5.5,2.0,1.5,2.0,2.8,2.0
Isaiah Mobley,GOS,4,16.8,2.5,0.5,5.0,0.1,0.0,2.0,0.0,1.5,2.3,0.667,1.3,3.3,4.5,2.3,0.0,0.3,2.8,2.5
Dylan Cardwell,SAC,6,10.9,2.3,1.0,1.5,0.667,0.0,0.0,0.0,0.3,0.7,0.5,1.3,2.0,3.3,0.5,0.5,0.7,0.8,2.0
Keyontae Johnson,DEN,4,11.4,2.3,0.8,2.5,0.3,0.0,0.5,0.0,0.8,1.0,0.75,0.5,1.8,2.3,1.0,0.5,0.0,0.5,1.8
Jamarion Sharp,DAL,5,16.1,2.2,1.0,1.4,0.714,0.0,0.0,0.0,0.2,0.8,0.25,1.4,2.6,4.0,0.0,0.2,1.8,0.8,1.4
Liam Robbins,WAS,5,12.4,2.2,0.8,3.6,0.222,0.6,2.6,0.231,0.0,0.0,0.0,0.4,1.8,2.2,1.0,0.0,0.6,1.0,3.2
Marcus Williams,MIA,4,14.8,2.0,0.8,4.3,0.176,0.0,2.0,0.0,0.5,1.0,0.5,0.8,2.0,2.8,3.0,0.8,0.8,2.3,1.5
Steve Settle,MIA,3,17.8,2.0,0.7,3.0,0.222,0.3,1.0,0.333,0.3,1.0,0.333,0.0,2.3,2.3,0.7,2.0,1.3,1.3,2.0
Bez Mbeng,GOS,1,21.2,2.0,1.0,2.0,0.5,0.0,1.0,0.0,0.0,0.0,0.0,1.0,2.0,3.0,3.0,3.0,0.0,2.0,3.0
Kadary Richmond,WAS,2,18.4,2.0,1.0,3.5,0.286,0.0,0.5,0.0,0.0,0.0,0.0,0.0,3.0,3.0,2.5,0.5,0.0,2.0,2.0
Landers Nolley II,PHL,1,5.8,2.0,0.0,0.0,0.0,0.0,0.0,0.0,2.0,2.0,1.0,0.0,0.0,0.0,2.0,0.0,0.0,0.0,0.0
Quincy Guerrier,TOR,2,3.5,2.0,0.5,0.5,1.0,0.0,0.0,0.0,1.0,1.0,1.0,0.0,0.0,0.0,0.0,0.0,0.0,0.0,0.5
Jon Elmore,SAC,1,11.5,2.0,0.0,2.0,0.0,0.0,2.0,0.0,2.0,2.0,1.0,0.0,1.0,1.0,1.0,0.0,0.0,1.0,1.0
Lance Terry,ORL,2,4.0,2.0,1.0,3.0,0.333,0.0,1.0,0.0,0.0,0.0,0.0,0.0,0.0,0.0,0.0,1.0,0.0,0.5,0.5
Ante Brzovic,MEM,1,7.5,2.0,1.0,3.0,0.333,0.0,1.0,0.0,0.0,0.0,0.0,1.0,0.0,1.0,0.0,0.0,0.0,0.0,2.0
Chibuzo Agbo,SAS,4,8.8,2.0,0.8,3.0,0.25,0.5,2.3,0.222,0.0,0.0,0.0,0.3,0.8,1.0,0.0,0.0,0.0,0.0,1.3
Jabri Abdur-Rahim,SAC,1,7.1,2.0,0.0,4.0,0.0,0.0,4.0,0.0,2.0,3.0,0.667,0.0,1.0,1.0,1.0,0.0,0.0,0.0,2.0
A.J. Hoggard,NOP,3,10.0,2.0,0.7,2.3,0.286,0.0,1.0,0.0,0.7,1.0,0.667,0.3,1.3,1.7,0.3,0.0,0.0,1.3,1.7
"Ace Baldwin, Jr.",MEM,1,15.7,2.0,1.0,9.0,0.111,0.0,3.0,0.0,0.0,0.0,0.0,1.0,0.0,1.0,0.0,3.0,0.0,3.0,2.0
Mitch Mascari,PHX,3,10.9,1.7,0.3,2.0,0.167,0.3,2.0,0.167,0.7,0.7,1.0,0.3,1.7,2.0,2.0,0.7,0.0,1.3,1.0
Ty Johnson,LAL,3,11.4,1.7,0.7,4.3,0.154,0.3,1.7,0.2,0.0,0.0,0.0,0.3,2.3,2.7,1.3,0.0,0.7,0.0,1.3
Jarkel Joiner,TOR,3,3.1,1.7,0.7,1.3,0.5,0.0,0.0,0.0,0.3,1.0,0.333,0.0,0.7,0.7,0.7,0.0,0.0,0.0,0.7
Aaron Scott,BOS,2,11.8,1.5,0.5,3.5,0.143,0.5,3.5,0.143,0.0,0.0,0.0,3.5,1.0,4.5,1.5,1.0,0.5,1.5,0.5
John Butler,MIL,2,10.4,1.5,0.5,1.5,0.333,0.5,0.5,1.0,0.0,0.0,0.0,0.5,2.0,2.5,0.0,0.0,0.5,0.5,2.0
Andrew Funk,PHL,4,10.7,1.5,0.5,2.0,0.25,0.5,2.0,0.25,0.0,0.0,0.0,0.0,1.0,1.0,0.5,0.0,0.0,0.5,0.3
Ibrahima Diallo,SAS,5,9.8,1.4,0.2,1.8,0.111,0.0,0.0,0.0,1.0,1.6,0.625,1.2,2.6,3.8,0.6,0.0,1.2,1.4,1.6
John Poulakidas,LAC,5,12.1,1.4,0.6,4.6,0.13,0.2,3.0,0.067,0.0,0.2,0.0,0.8,1.4,2.2,0.8,0.4,0.2,0.4,1.2
Cliff Omoruyi,TOR,3,3.6,1.3,0.3,0.7,0.5,0.0,0.0,0.0,0.7,2.0,0.333,0.0,1.0,1.0,0.3,0.3,0.7,0.0,0.3
Nate Santos,ORL,4,10.4,1.3,0.5,3.3,0.154,0.3,1.5,0.167,0.0,0.0,0.0,0.3,1.3,1.5,0.3,0.8,0.3,0.8,1.0
Warren Kidd,ORL,2,4.0,1.0,0.5,1.5,0.333,0.0,0.0,0.0,0.0,0.0,0.0,1.0,1.5,2.5,0.5,0.0,0.0,0.0,0.0
Steven Crowl,UTA,2,10.0,1.0,0.5,1.0,0.5,0.0,0.5,0.0,0.0,0.0,0.0,0.5,2.0,2.5,0.5,0.5,0.0,0.5,0.5
Lazar Stefanovic,ORL,2,4.4,1.0,0.5,2.0,0.25,0.0,0.5,0.0,0.0,0.0,0.0,1.0,0.5,1.5,0.0,1.0,0.0,0.0,0.0
Kerwin Walton,OKC,5,3.7,1.0,0.4,0.8,0.5,0.2,0.6,0.333,0.0,0.0,0.0,0.0,0.2,0.2,0.2,0.0,0.0,0.0,0.2
Izaiah Brockington,LAC,2,9.8,1.0,0.5,2.5,0.2,0.0,1.0,0.0,0.0,0.0,0.0,0.0,1.0,1.0,0.5,1.0,0.0,0.0,0.5
C.J. Fulton,MIN,2,10.3,1.0,0.5,1.0,0.5,0.0,0.0,0.0,0.0,0.0,0.0,0.0,0.5,0.5,1.0,1.0,0.0,2.0,0.0
Mady Sissoko,OKC,3,5.1,1.0,0.3,1.0,0.333,0.0,0.0,0.0,0.3,0.7,0.5,1.0,0.7,1.7,0.0,0.3,0.0,0.7,1.7
Sincere Carry,DET,2,10.8,1.0,0.5,1.5,0.333,0.0,0.0,0.0,0.0,0.0,0.0,0.0,0.5,0.5,1.5,1.0,0.0,2.5,0.0
Tyreke Key,TOR,3,3.5,1.0,0.3,1.0,0.333,0.3,1.0,0.333,0.0,0.0,0.0,0.0,0.0,0.0,0.3,0.0,0.0,0.0,1.0
Efton Reid III,MEM,2,5.9,1.0,0.0,1.0,0.0,0.0,0.5,0.0,1.0,1.0,1.0,0.0,1.0,1.0,0.0,0.0,0.0,0.5,1.0
Des Watson,MIN,1,5.9,1.0,0.0,1.0,0.0,0.0,1.0,0.0,1.0,1.0,1.0,0.0,1.0,1.0,1.0,0.0,0.0,2.0,2.0
Lance Ware,NYK,4,9.7,0.8,0.3,1.5,0.167,0.0,0.0,0.0,0.3,2.0,0.125,1.3,1.5,2.8,1.0,0.3,0.3,0.3,1.8
Trey Jemison,LAL,3,12.1,0.7,0.3,1.0,0.333,0.0,0.0,0.0,0.0,0.7,0.0,1.3,1.7,3.0,1.0,0.3,0.7,1.3,2.7
Tyson Degenhart,TOR,3,1.9,0.7,0.3,0.3,1.0,0.0,0.0,0.0,0.0,0.0,0.0,0.0,0.3,0.3,0.0,0.0,0.0,0.0,1.0
James Banks,CHA,3,4.5,0.7,0.3,1.0,0.333,0.0,0.0,0.0,0.0,0.0,0.0,0.3,0.7,1.0,0.0,0.0,0.0,1.0,0.7
Samuel Mennenga,LAL,1,25.7,0.0,0.0,2.0,0.0,0.0,1.0,0.0,0.0,0.0,0.0,1.0,4.0,5.0,3.0,0.0,0.0,1.0,3.0
Cesare Edwards,OKC,4,4.1,0.0,0.0,1.5,0.0,0.0,1.0,0.0,0.0,0.0,0.0,0.3,1.0,1.3,0.3,0.0,0.5,0.0,0.3
"Dajuan Harris, Jr.",CHA,2,3.7,0.0,0.0,0.5,0.0,0.0,0.5,0.0,0.0,0.0,0.0,0.0,0.5,0.5,0.5,0.0,0.5,0.0,0.0
Isaac Nogues,SAC,1,10.2,0.0,0.0,1.0,0.0,0.0,1.0,0.0,0.0,0.0,0.0,1.0,0.0,1.0,1.0,1.0,0.0,0.0,2.0
Zeke Mayo,WAS,2,8.5,0.0,0.0,0.5,0.0,0.0,0.5,0.0,0.0,0.0,0.0,0.0,1.0,1.0,0.5,1.0,0.0,1.0,1.0
Patrick McCaffery,SAC,1,6.5,0.0,0.0,0.0,0.0,0.0,0.0,0.0,0.0,0.0,0.0,0.0,0.0,0.0,1.0,0.0,0.0,0.0,1.0
J'Wan Roberts,UTA,2,4.9,0.0,0.0,0.5,0.0,0.0,0.0,0.0,0.0,0.0,0.0,0.5,0.0,0.5,0.0,0.0,0.0,0.0,0.0
Jaden Springer,UTA,1,16.8,0.0,0.0,2.0,0.0,0.0,1.0,0.0,0.0,0.0,0.0,1.0,2.0,3.0,1.0,0.0,0.0,1.0,2.0
Aniwaniwa Tait-Jones,TOR,1,0.7,0.0,0.0,0.0,0.0,0.0,0.0,0.0,0.0,0.0,0.0,0.0,0.0,0.0,0.0,0.0,0.0,0.0,0.0
"Kino Lilly, Jr.",SAS,1,5.3,0.0,0.0,0.0,0.0,0.0,0.0,0.0,0.0,0.0,0.0,0.0,1.0,1.0,0.0,0.0,0.0,1.0,0.0
Jamiya Neal,CHA,1,4.0,0.0,0.0,2.0,0.0,0.0,2.0,0.0,0.0,0.0,0.0,0.0,1.0,1.0,0.0,0.0,0.0,0.0,0.0
Alex Reese,MEM,1,7.1,0.0,0.0,2.0,0.0,0.0,2.0,0.0,0.0,0.0,0.0,0.0,1.0,1.0,0.0,0.0,0.0,0.0,0.0
Nate Mensah,SAS,1,7.0,0.0,0.0,1.0,0.0,0.0,0.0,0.0,0.0,0.0,0.0,1.0,1.0,2.0,0.0,0.0,0.0,1.0,4.0
Keeshawn Barthelemy,POR,2,4.6,0.0,0.0,1.5,0.0,0.0,1.0,0.0,0.0,0.0,0.0,0.0,0.0,0.0,0.0,0.0,0.0,0.0,0.5
David Joplin,MIL,1,15.7,0.0,0.0,7.0,0.0,0.0,4.0,0.0,0.0,0.0,0.0,0.0,1.0,1.0,0.0,3.0,0.0,1.0,1.0
Noah Farrakhan,SAS,2,5.0,0.0,0.0,0.5,0.0,0.0,0.5,0.0,0.0,0.0,0.0,0.0,0.0,0.0,0.0,0.0,0.0,1.0,2.0
Jalen Hood-Schifino,PHL,2,14.8,0.0,0.0,2.5,0.0,0.0,0.5,0.0,0.0,0.0,0.0,0.5,0.5,1.0,0.0,0.5,0.0,2.0,3.5
