PLAYERPLAYER,TEAMTEAM,GGames PlayedGames in which a player has appeared.GGames PlayedGames in which a player has appeared.,"ABAt BatsTrips to the plate that do not result in a walk, hit by pitch, sacrifice, or reach on interference.ABAt BatsTrips to the plate that do not result in a walk, hit by pitch, sacrifice, or reach on interference.",RRunsWhen a baserunner safely reaches home plate and scores.RRunsWhen a baserunner safely reaches home plate and scores.,HHitsWhen a batter reaches base safely on a fair ball unless the batter is deemed by the official scorer to have reached on an error or a fielder's choice.HHitsWhen a batter reaches base safely on a fair ball unless the batter is deemed by the official scorer to have reached on an error or a fielder's choice.,2BDoublesWhen a batter reaches on a hit and stops at second base or only advances farther than second base on an error or a fielder's attempt to put out another baserunner.2BDoublesWhen a batter reaches on a hit and stops at second base or only advances farther than second base on an error or a fielder's attempt to put out another baserunner.,3BTriplesWhen a batter reaches on a hit and stops at third base or only advances farther than third base on an error or a fielder's attempt to put out another baserunner.3BTriplesWhen a batter reaches on a hit and stops at third base or only advances farther than third base on an error or a fielder's attempt to put out another baserunner.,"HRHome RunsWhen a batter reaches on a hit, touches all bases, and scores a run without a putout recorded or the benefit of error.HRHome RunsWhen a batter reaches on a hit, touches all bases, and scores a run without a putout recorded or the benefit of error.","caret-upcaret-downRBIRuns Batted InRuns which score because of the batter's safe hit, sac bunt, sac fly, infield out or fielder's choice or is forced to score by a bases loaded walk, hit batter, or interference.caret-upcaret-downRBIRuns Batted InRuns which score because of the batter's safe hit, sac bunt, sac fly, infield out or fielder's choice or is forced to score by a bases loaded walk, hit batter, or interference.",BBWalksWhen a batter is awarded first base after four balls have been called by the umpire or the opposing team opts to intentionally award the batter first base.BBWalksWhen a batter is awarded first base after four balls have been called by the umpire or the opposing team opts to intentionally award the batter first base.,SOStrikeoutsWhen the umpire calls three strikes on the batter.SOStrikeoutsWhen the umpire calls three strikes on the batter.,"SBStolen BasesWhen the runner advances one base unaided by a hit, a putout, an error, a force-out, a fielder's choice, a passed ball, a wild pitch, or a balk.SBStolen BasesWhen the runner advances one base unaided by a hit, a putout, an error, a force-out, a fielder's choice, a passed ball, a wild pitch, or a balk.",CSCaught StealingWhen a runner attempts to steal but is tagged out before safely attaining the next base.CSCaught StealingWhen a runner attempts to steal but is tagged out before safely attaining the next base.,AVGBatting AverageThe rate of hits per at bat.H/ABAVGBatting AverageThe rate of hits per at bat.H/AB,OBPOn-Base PercentageThe rate at which a batter reached base in his plate appearances.(H+BB+HBP)/(AB+BB+HBP+SF)OBPOn-Base PercentageThe rate at which a batter reached base in his plate appearances.(H+BB+HBP)/(AB+BB+HBP+SF),SLGSlugging PercentageThe rate of total bases per at bat.(1B+2Bx2+3Bx3+HRx4)/ABSLGSlugging PercentageThe rate of total bases per at bat.(1B+2Bx2+3Bx3+HRx4)/AB,OPSOn-Base Plus SluggingThe sum of on-base percentage and slugging percentage.OBP+SLGOPSOn-Base Plus SluggingThe sum of on-base percentage and slugging percentage.OBP+SLG
1JerarJ EncarnacionEncarnacionRF1‌‌‌,SF,8,25,2,9,4,0,1,10,0,5,0,0,.360,.360,.640,1.000
1MattM GorskiGorskiCF1‌‌‌,PIT,8,13,6,4,1,0,3,10,1,3,0,0,.308,.333,1.077,1.410
3DavidD BoteBote3B3‌‌‌,LAD,9,22,5,9,3,0,2,9,1,5,0,0,.409,.435,.818,1.253
3EugenioE SuárezSuárez3B3‌‌‌,AZ,9,20,2,5,1,0,1,9,5,9,1,0,.250,.385,.450,.835
3GageG WorkmanWorkman3B3‌‌‌,CHC,10,23,5,8,1,0,2,9,3,5,1,2,.348,.407,.652,1.059
6NickN AhmedAhmedSS6‌‌‌,TEX,6,15,5,5,0,0,3,8,0,4,0,0,.333,.375,.933,1.308
6AdaelA AmadorAmador2B6‌‌‌,COL,12,21,4,7,1,0,0,8,4,4,0,1,.333,.440,.381,.821
6MichaelM BuschBusch1B6‌‌‌,CHC,8,22,5,9,2,1,1,8,2,2,1,0,.409,.480,.727,1.207
6JuniorJ CamineroCaminero3B6‌‌‌,TB,7,19,4,4,0,1,3,8,2,5,0,0,.211,.286,.789,1.075
6VinnyV CapraCapra3B6‌‌‌,MIL,8,19,4,7,1,0,4,8,1,6,2,0,.368,.400,1.053,1.453
6CorbinC CarrollCarrollCF6‌‌‌,AZ,5,12,4,6,0,0,3,8,2,3,2,0,.500,.571,1.250,1.821
6JahmaiJ JonesJonesCF6‌‌‌,DET,9,18,6,5,2,0,2,8,4,6,1,0,.278,.409,.722,1.131
13LukenL BakerBaker1B13‌‌‌,STL,7,17,4,5,0,0,3,7,4,1,0,0,.294,.409,.824,1.233
13ThairoT EstradaEstrada2B13‌‌‌,COL,8,22,2,11,0,1,0,7,0,2,1,0,.500,.478,.591,1.069
13HunterH FeducciaFeducciaC13‌‌‌,LAD,7,15,2,4,1,0,1,7,1,3,0,0,.267,.313,.533,.846
13AustinA HaysHaysLF13‌‌‌,CIN,6,16,2,5,1,1,2,7,0,3,0,0,.313,.353,.875,1.228
13KyleK HigashiokaHigashiokaC13‌‌‌,TEX,6,14,4,5,1,0,2,7,1,4,0,0,.357,.375,.857,1.232
13BenB MalgeriMalgeriCF13‌‌‌,DET,4,9,1,5,1,0,1,7,0,3,1,0,.556,.556,1.000,1.556
13LuisL MatosMatosCF13‌‌‌,SF,10,26,4,8,2,0,1,7,0,1,0,0,.308,.308,.500,.808
13MJM MelendezMelendezLF13‌‌‌,KC,8,23,5,7,1,1,2,7,2,8,1,1,.304,.360,.696,1.056
13TomásT NidoNidoC13‌‌‌,DET,8,16,3,6,2,0,2,7,1,2,0,0,.375,.412,.875,1.287
13KyrenK ParisParis2B13‌‌‌,LAA,8,15,4,6,2,0,1,7,1,4,1,0,.400,.438,.733,1.171
13GabrielG Rincones Jr.RinconesRF13‌‌‌,PHI,9,16,3,4,0,0,3,7,3,4,0,0,.250,.368,.813,1.181
13JoseJ SiriSiriCF13‌‌‌,NYM,7,14,4,3,0,0,3,7,3,5,1,0,.214,.389,.857,1.246
13CamC SmithSmith3B13‌‌‌,HOU,6,11,5,7,0,1,2,7,4,1,0,0,.636,.733,1.364,2.097
13DominicDo SmithSmith1B13‌‌‌,NYY,5,14,2,4,0,0,2,7,0,2,0,0,.286,.286,.714,1.000
13SamadS TaylorTaylor2B13‌‌‌,SEA,8,15,4,6,1,0,1,7,0,5,3,0,.400,.400,.667,1.067
13LaneL ThomasThomasRF13‌‌‌,CLE,7,16,5,4,1,0,1,7,4,6,1,0,.250,.429,.500,.929
13AbrahamA ToroToro3B13‌‌‌,BOS,8,19,2,5,1,1,1,7,1,5,0,0,.263,.300,.579,.879
30JoJ AdellAdellRF30‌‌‌,LAA,9,23,2,4,0,0,1,6,0,5,1,1,.174,.167,.304,.471
30GregG AllenAllenCF30‌‌‌,CHC,8,16,6,9,1,1,1,6,2,2,1,0,.563,.611,.938,1.549
30JoeyJ BartBartC30‌‌‌,PIT,5,11,2,4,0,0,2,6,3,4,0,0,.364,.467,.909,1.376
30AlexA BregmanBregman3B30‌‌‌,BOS,6,15,2,6,1,1,1,6,3,4,0,0,.400,.450,.800,1.250
30OneilO CruzCruzOF30‌‌‌,PIT,6,14,3,3,0,0,2,6,4,7,3,1,.214,.368,.643,1.011
30EllyE De La CruzDe La CruzSS30‌‌‌,CIN,7,16,6,9,3,0,3,6,4,4,2,0,.563,.650,1.313,1.963
30PaulP DeJongDeJongSS30‌‌‌,WSH,7,18,6,5,0,0,2,6,3,6,0,1,.278,.381,.611,.992
30BrentonB DoyleDoyleCF30‌‌‌,COL,8,24,4,6,2,0,2,6,0,6,1,0,.250,.250,.583,.833
30FreddyF FerminFerminC30‌‌‌,KC,5,13,1,5,2,0,0,6,1,2,0,0,.385,.400,.538,.938
30MaikelM GarciaGarcia3B30‌‌‌,KC,6,18,5,7,0,1,0,6,2,1,3,0,.389,.450,.500,.950
30KodyK HoeseHoese3B30‌‌‌,LAD,13,18,3,5,2,0,0,6,2,2,0,0,.278,.350,.389,.739
30SpencerS JonesJonesCF30‌‌‌,NYY,7,16,3,6,2,0,2,6,2,7,1,0,.375,.444,.875,1.319
30AlejandroA KirkKirkC30‌‌‌,TOR,8,17,2,6,0,0,1,6,4,4,0,0,.353,.455,.529,.984
30ErnestoE Martinez Jr.Martinez1B30‌‌‌,MIL,8,15,4,5,1,0,1,6,2,5,1,0,.333,.412,.600,1.012
30LazaroL MontesMontesRF30‌‌‌,SEA,7,9,5,4,1,0,2,6,4,3,0,0,.444,.615,1.222,1.837
30BoB NaylorNaylorC30‌‌‌,CLE,7,19,3,5,0,0,2,6,2,3,1,0,.263,.333,.579,.912
30NelsonN RadaRadaCF30‌‌‌,LAA,10,19,3,6,0,0,0,6,3,6,0,0,.316,.435,.316,.751
30JohanJ RojasRojasCF30‌‌‌,PHI,6,13,4,4,0,0,2,6,2,4,0,0,.308,.438,.769,1.207
30JorgeJ SolerSolerRF30‌‌‌,LAA,8,18,5,8,1,0,2,6,3,8,0,0,.444,.545,.833,1.378
30MylesM StrawStrawCF30‌‌‌,TOR,8,16,2,7,1,0,1,6,0,3,0,1,.438,.412,.688,1.100
30TrayceT ThompsonThompsonRF30‌‌‌,BOS,8,20,5,6,2,0,3,6,3,7,1,0,.300,.391,.850,1.241
30MattM WallnerWallnerRF30‌‌‌,MIN,7,20,2,2,0,0,2,6,2,7,0,0,.100,.250,.400,.650
52WillyW AdamesAdamesSS52‌‌‌,SF,7,19,3,7,0,0,1,5,2,5,1,0,.368,.455,.526,.981
52JorgeJ AlfaroAlfaroC52‌‌‌,MIL,6,14,3,5,2,0,1,5,1,6,0,0,.357,.471,.714,1.185
52NolanN ArenadoArenado3B52‌‌‌,STL,8,19,1,4,2,0,1,5,1,3,0,0,.211,.250,.474,.724
52TresT BarreraBarreraC52‌‌‌,TB,8,15,2,7,1,0,1,5,0,6,0,0,.467,.467,.733,1.200
52JoseJ BarreroBarreroSS52‌‌‌,STL,9,11,3,3,0,0,2,5,1,3,0,0,.273,.333,.818,1.151
52SethS BrownBrownLF52‌‌‌,ATH,7,17,2,2,1,0,0,5,2,6,1,0,.118,.211,.176,.387
52LawrenceL ButlerButlerRF52‌‌‌,ATH,6,16,5,9,1,0,2,5,1,1,0,2,.563,.588,1.000,1.588
52ColeC CarriggCarriggLF52‌‌‌,COL,10,15,2,3,2,0,1,5,1,6,2,0,.200,.250,.533,.783
52AndrésA ChaparroChaparro1B52‌‌‌,WSH,9,18,3,8,1,0,1,5,1,2,0,0,.444,.474,.667,1.141
52MattM ChapmanChapman3B52‌‌‌,SF,6,13,5,6,0,0,3,5,5,5,0,0,.462,.611,1.154,1.765
52PeteP Crow-ArmstrongCrow-ArmstrongCF52‌‌‌,CHC,7,20,6,10,4,0,1,5,0,6,2,0,.500,.476,.850,1.326
52DillonD DinglerDinglerC52‌‌‌,DET,6,13,2,4,2,0,1,5,0,1,0,0,.308,.308,.692,1.000
52BrandonB DruryDrury2B52‌‌‌,CWS,8,23,5,8,5,0,1,5,1,2,0,0,.348,.375,.696,1.071
52SalS FrelickFrelickRF52‌‌‌,MIL,8,20,7,8,1,0,1,5,3,0,3,0,.400,.478,.600,1.078
52ColeL GabrielsonGabrielsonCF52‌‌‌,NYY,6,6,2,1,0,0,1,5,0,2,0,0,.167,.143,.667,.810
52ZackZ GelofGelof2B52‌‌‌,ATH,7,18,3,4,1,0,1,5,1,11,0,0,.222,.300,.444,.744
52RobertR Hassell IIIHassellCF52‌‌‌,WSH,11,27,4,10,3,0,1,5,2,5,2,0,.370,.414,.593,1.007
52DarellD HernaizHernaiz3B52‌‌‌,ATH,10,18,1,3,0,2,0,5,1,3,1,0,.167,.200,.389,.589
52SimonS JuanJuanRF52‌‌‌,NYM,4,4,1,2,0,0,1,5,2,0,0,0,.500,.571,1.250,1.821
52KyleK KarrosKarros3B52‌‌‌,COL,11,20,7,8,2,0,0,5,3,5,0,0,.400,.478,.500,.978
52MaxM KeplerKeplerRF52‌‌‌,PHI,6,15,3,5,1,0,2,5,2,4,0,0,.333,.412,.800,1.212
52JonathonJ LongLong3B52‌‌‌,CHC,10,18,3,4,1,0,0,5,1,4,0,0,.222,.263,.278,.541
52JackJ LópezLópez2B52‌‌‌,SEA,8,10,3,3,3,0,0,5,0,2,0,0,.300,.300,.600,.900
52VimaelV MachínMachínSS52‌‌‌,BAL,10,18,2,9,1,0,1,5,2,1,1,0,.500,.550,.722,1.272
52MarceloM MayerMayerSS52‌‌‌,BOS,7,17,1,5,0,1,1,5,2,5,0,0,.294,.368,.588,.956
52HaydnH McGearyMcGeary1B52‌‌‌,CHC,5,7,1,3,1,0,1,5,0,2,0,0,.429,.429,1.000,1.429
52JacksonJ MerrillMerrillCF52‌‌‌,SD,7,16,2,6,0,1,2,5,0,1,0,0,.375,.375,.875,1.250
52JocJ PedersonPedersonDH52‌‌‌,TEX,7,19,4,3,1,0,2,5,1,7,0,0,.158,.200,.526,.726
52CalC RaleighRaleighC52‌‌‌,SEA,8,20,1,4,2,0,1,5,0,7,0,0,.200,.200,.450,.650
52JulioJ RodríguezRodríguezCF52‌‌‌,SEA,8,19,2,4,2,0,2,5,2,5,0,0,.211,.273,.632,.905
52MiguelM RojasRojasSS52‌‌‌,LAD,8,20,2,9,2,0,0,5,1,2,0,0,.450,.476,.550,1.026
52EguyE RosarioRosario3B52‌‌‌,SD,10,26,5,5,2,0,2,5,2,8,0,0,.192,.250,.500,.750
52CaseyC SchmittSchmitt2B52‌‌‌,SF,10,25,3,6,3,0,2,5,0,7,0,0,.240,.240,.600,.840
52LenynL SosaSosa3B52‌‌‌,CWS,6,15,3,6,2,0,0,5,2,4,0,0,.400,.471,.533,1.004
52DJD StewartStewartRF52‌‌‌,PIT,8,18,3,6,3,0,1,5,1,5,0,0,.333,.429,.667,1.096
52LuisL SuisbelSuisbel1B52‌‌‌,SEA,5,9,0,2,1,0,0,5,0,3,0,0,.222,.222,.333,.555
52LeodyL TaverasTaverasCF52‌‌‌,TEX,10,25,4,5,1,0,2,5,2,6,1,0,.200,.259,.480,.739
52MichaelM TogliaToglia1B52‌‌‌,COL,8,22,4,7,1,0,2,5,3,9,0,0,.318,.400,.636,1.036
52JamesJ TriantosTriantos2B52‌‌‌,CHC,7,15,3,4,2,1,0,5,0,3,0,0,.267,.294,.533,.827
52IldemaroI VargasVargas3B52‌‌‌,AZ,8,21,2,7,2,0,2,5,1,1,0,0,.333,.391,.714,1.105
52LuisL VazquezVazquezSS52‌‌‌,BAL,9,16,2,4,1,0,0,5,2,3,0,1,.250,.286,.313,.599
52JacobJ WilsonWilsonSS52‌‌‌,ATH,7,20,3,4,1,0,1,5,0,1,0,0,.200,.200,.400,.600
94RileyR AdamsAdamsC94‌‌‌,WSH,4,9,1,2,0,0,1,4,1,2,0,0,.222,.300,.556,.856
94RomanR AnthonyAnthonyCF94‌‌‌,BOS,6,13,3,4,1,0,0,4,4,1,0,0,.308,.500,.385,.885
94ChristianC ArroyoArroyo2B94‌‌‌,PHI,8,16,2,5,0,0,2,4,1,6,0,0,.313,.353,.688,1.041
94JoséJ AzocarAzocarLF94‌‌‌,NYM,8,18,4,6,0,0,1,4,0,4,1,0,.333,.368,.500,.868
94TravisT BazzanaBazzana2B94‌‌‌,CLE,4,7,1,1,0,0,1,4,3,3,0,0,.143,.400,.571,.971
94JordanJ BeckBeckLF94‌‌‌,COL,9,23,4,6,0,0,1,4,3,8,1,0,.261,.346,.391,.737
94JoshJ BellBell1B94‌‌‌,WSH,6,16,3,4,1,0,1,4,1,6,0,0,.250,.294,.500,.794
94TrentonT BrooksBrooks1B94‌‌‌,SD,10,19,4,5,2,0,1,4,2,2,0,0,.263,.348,.526,.874
94CadeC BunnellBunnell3B94‌‌‌,ATL,4,6,0,2,0,0,0,4,0,2,0,0,.333,.333,.333,.666
94JakeJ BurgerBurger3B94‌‌‌,TEX,9,21,3,6,0,0,2,4,3,4,0,0,.286,.375,.571,.946
94JorgeJ BurgosBurgosRF94‌‌‌,CLE,4,8,4,4,0,1,2,4,0,1,0,0,.500,.500,1.500,2.000
94JacJ CaglianoneCaglianone1B94‌‌‌,KC,7,9,2,4,0,0,2,4,2,1,0,0,.444,.545,1.111,1.656
94AlexA CallCallRF94‌‌‌,WSH,7,12,2,3,2,0,0,4,8,1,1,0,.250,.550,.417,.967
94DazD CameronCameronLF94‌‌‌,BAL,8,10,3,5,2,0,0,4,0,3,1,0,.500,.455,.700,1.155
94ConnerC CapelCapelLF94‌‌‌,ATL,8,16,3,4,1,0,0,4,1,2,0,0,.250,.278,.313,.591
94ParkerP ChaversChaversRF94‌‌‌,CHC,8,11,3,3,1,1,0,4,5,5,0,0,.273,.500,.545,1.045
94BenB CowlesCowles3B94‌‌‌,CHC,10,21,7,9,6,0,1,4,0,7,0,0,.429,.455,.857,1.312
94LoganL DavidsonDavidson1B94‌‌‌,ATH,9,16,2,6,2,1,0,4,0,5,1,0,.375,.375,.625,1.000
94JasonJ DelayDelayC94‌‌‌,PIT,6,11,0,2,0,0,0,4,0,5,0,0,.182,.250,.182,.432
94NateN EatonEatonRF94‌‌‌,BOS,12,19,7,4,2,1,1,4,6,8,1,0,.211,.400,.579,.979
94XavierX EdwardsEdwardsSS94‌‌‌,MIA,7,19,2,5,1,0,0,4,3,5,0,0,.263,.364,.316,.680
94J.C.J EscarraEscarraC94‌‌‌,NYY,7,17,2,5,0,0,1,4,1,3,0,0,.294,.333,.471,.804
94PaulP GoldschmidtGoldschmidt1B94‌‌‌,NYY,7,19,2,4,1,0,1,4,0,9,0,0,.211,.211,.421,.632
94VladimirV Guerrero Jr.Guerrero1B94‌‌‌,TOR,8,20,4,8,2,0,1,4,2,2,0,0,.400,.455,.650,1.105
94AdamA HackenbergHackenbergC94‌‌‌,CWS,5,5,4,3,1,0,2,4,1,0,0,0,.600,.667,2.000,2.667
94GarrettG HampsonHampsonCF94‌‌‌,AZ,8,19,5,6,1,0,0,4,2,4,1,1,.316,.381,.368,.749
94TrevorT HauverHauverRF94‌‌‌,TEX,4,6,2,3,1,0,2,4,0,0,0,0,.500,.500,1.667,2.167
94HeribertoH HernandezHernandezRF94‌‌‌,MIA,8,14,1,5,1,0,0,4,4,6,0,0,.357,.500,.429,.929
94AndyA IbáñezIbáñez2B94‌‌‌,DET,8,20,3,4,1,0,1,4,0,4,1,0,.200,.200,.400,.600
94CooperJ IngleIngleC94‌‌‌,CLE,4,6,1,4,0,0,0,4,2,1,0,0,.667,.750,.667,1.417
94BuddyB KennedyKennedy2B94‌‌‌,PHI,9,17,3,3,1,0,2,4,4,7,0,0,.176,.333,.588,.921
94HestonH KjerstadKjerstadLF94‌‌‌,BAL,7,20,3,5,0,0,1,4,2,8,1,0,.250,.318,.400,.718
94TrevorT LarnachLarnachLF94‌‌‌,MIN,6,17,2,6,0,0,2,4,1,1,0,0,.353,.389,.706,1.095
94JordanJ LawlarLawlarSS94‌‌‌,AZ,6,18,3,5,1,1,1,4,1,5,0,0,.278,.316,.611,.927
94Jung HooJ LeeLeeCF94‌‌‌,SF,8,20,6,8,1,0,2,4,2,5,0,0,.400,.478,.750,1.228
94ThayronT LiranzoLiranzoC94‌‌‌,DET,8,13,2,2,0,1,1,4,3,3,0,0,.154,.313,.538,.851
94GeorgeG Lombard Jr.LombardSS94‌‌‌,NYY,8,15,4,5,0,0,2,4,1,3,0,1,.333,.412,.733,1.145
94Justyn-HenryJ MalloyMalloyLF94‌‌‌,DET,8,16,6,6,1,0,0,4,3,5,0,1,.375,.500,.438,.938
94ManuelM MargotMargotLF94‌‌‌,MIL,4,11,0,2,1,0,0,4,1,2,0,0,.182,.250,.273,.523
94NickN MartiniMartini1B94‌‌‌,COL,8,16,2,6,0,0,2,4,4,3,1,0,.375,.524,.750,1.274
94OwenO MillerMiller1B94‌‌‌,COL,12,20,2,6,2,0,0,4,2,0,1,0,.300,.375,.400,.775
94GarrettG MitchellMitchellCF94‌‌‌,MIL,7,17,3,6,3,0,1,4,3,7,1,0,.353,.450,.706,1.156
94MickeyM MoniakMoniakCF94‌‌‌,LAA,9,22,1,3,1,0,1,4,2,4,2,0,.136,.208,.318,.526
94GabrielG MorenoMorenoC94‌‌‌,AZ,6,13,2,2,0,0,1,4,2,2,0,0,.154,.313,.385,.698
94MaxM MuncyMuncy3B94‌‌‌,LAD,7,12,4,2,0,0,1,4,6,8,0,0,.167,.476,.417,.893
94RainerR NunezNunez1B94‌‌‌,TOR,6,9,3,3,1,0,0,4,2,1,0,0,.333,.455,.444,.899
94VinnieV PasquantinoPasquantino1B94‌‌‌,KC,7,19,4,5,2,0,0,4,0,3,0,0,.263,.250,.368,.618
94AndrewA PintarPintarCF94‌‌‌,MIA,6,9,2,2,0,0,1,4,1,4,0,0,.222,.300,.556,.856
94CooperC PrattPrattSS94‌‌‌,MIL,8,14,1,5,3,0,0,4,0,3,0,0,.357,.357,.571,.928
94NickN PrattoPratto1B94‌‌‌,KC,7,15,1,3,1,0,1,4,3,4,1,1,.200,.368,.467,.835
94CeddanneC RafaelaRafaelaSS94‌‌‌,BOS,6,13,3,5,1,0,1,4,2,0,1,0,.385,.467,.692,1.159
94JohnJ RaveRaveCF94‌‌‌,KC,8,14,5,7,0,1,0,4,3,4,3,0,.500,.611,.643,1.254
94EmmanuelE RiveraRivera3B94‌‌‌,BAL,7,19,4,6,0,0,2,4,0,5,0,0,.316,.316,.632,.948
94LuisL Robert Jr.RobertCF94‌‌‌,CWS,7,17,3,6,1,0,2,4,2,4,0,0,.353,.421,.765,1.186
94TommyT Sacco Jr.SaccoSS94‌‌‌,HOU,3,8,1,2,0,0,1,4,0,1,0,0,.250,.250,.625,.875
94AnthonyA SantanderSantanderRF94‌‌‌,TOR,5,13,4,3,1,0,1,4,1,3,0,0,.231,.333,.538,.871
94NickN SolakSolakOF94‌‌‌,PIT,8,15,4,6,3,0,1,4,0,2,1,0,.400,.375,.800,1.175
94JuanJ SotoSotoRF94‌‌‌,NYM,6,12,3,3,0,0,2,4,2,2,0,0,.250,.357,.750,1.107
94JackJ SuwinskiSuwinskiCF94‌‌‌,PIT,6,16,2,6,1,0,1,4,2,5,3,1,.375,.444,.625,1.069
94SeiyaS SuzukiSuzukiRF94‌‌‌,CHC,8,22,2,4,0,0,0,4,1,7,1,0,.182,.240,.182,.422
94CarsonC TaylorTaylorSS94‌‌‌,PHI,8,10,4,4,0,0,1,4,3,5,0,0,.400,.571,.700,1.271
94YordysY ValdesValdesSS94‌‌‌,CLE,8,7,3,3,1,0,2,4,1,1,0,0,.429,.444,1.429,1.873
94EnmanuelE ValdezValdez2B94‌‌‌,PIT,9,13,3,3,1,0,1,4,7,2,0,0,.231,.476,.538,1.014
94AlexanderA VargasVargasSS94‌‌‌,NYY,8,7,3,5,0,0,2,4,1,1,0,1,.714,.750,1.571,2.321
94ZacZ VeenVeenRF94‌‌‌,COL,11,22,7,6,2,0,1,4,2,5,4,0,.273,.360,.500,.860
94AnthonyA VolpeVolpeSS94‌‌‌,NYY,7,19,3,3,0,0,1,4,0,9,2,0,.158,.158,.316,.474
94LaMonteL Wade Jr.Wade1B94‌‌‌,SF,7,14,4,2,0,0,1,4,7,7,0,0,.143,.455,.357,.812
94ForrestF WallWallLF94‌‌‌,SD,11,20,3,5,1,0,2,4,1,5,1,0,.250,.286,.600,.886
94AustinA WellsWellsC94‌‌‌,NYY,5,13,2,4,1,0,1,4,0,5,0,0,.308,.357,.615,.972
94BenB WilliamsonWilliamson3B94‌‌‌,SEA,7,11,2,4,0,1,0,4,2,3,0,0,.364,.500,.545,1.045
94HoganH WindishWindish1B94‌‌‌,SEA,6,9,5,3,0,0,2,4,0,3,0,0,.333,.400,1.000,1.400
94MikeM YastrzemskiYastrzemskiRF94‌‌‌,SF,7,18,3,4,1,0,2,4,1,8,0,0,.222,.286,.611,.897
94MasatakaM YoshidaYoshidaLF94‌‌‌,BOS,3,9,2,4,1,0,0,4,0,1,0,0,.444,.444,.556,1.000
167KevinK AlcántaraAlcantaraRF167‌‌‌,CHC,8,17,4,4,2,0,0,3,2,7,1,0,.235,.316,.353,.669
167PeteP AlonsoAlonso1B167‌‌‌,NYM,7,13,2,4,3,0,0,3,5,2,0,0,.308,.500,.538,1.038
167MiguelM AndujarAndujarLF167‌‌‌,ATH,6,15,4,7,1,0,2,3,3,1,0,0,.467,.556,.933,1.489
167WillW BanfieldBanfieldC167‌‌‌,CIN,6,7,2,2,0,1,1,3,1,3,0,0,.286,.444,1.000,1.444
167BrettB BatyBaty3B167‌‌‌,NYM,8,18,5,8,1,0,2,3,3,1,0,0,.444,.524,.833,1.357
167JakeJ BauersBauers1B167‌‌‌,MIL,6,14,2,3,2,0,1,3,2,3,0,0,.214,.313,.571,.884
167StewardS BerroaBerroaRF167‌‌‌,TOR,7,14,3,7,2,0,1,3,0,3,0,1,.500,.500,.857,1.357
167JusticeJ BigbieBigbieRF167‌‌‌,DET,5,9,2,4,0,0,0,3,0,0,0,0,.444,.444,.444,.888
167SeanS BouchardBouchardRF167‌‌‌,COL,8,20,5,8,2,1,1,3,0,5,0,0,.400,.400,.750,1.150
167CooperC BowmanBowman2B167‌‌‌,CIN,10,21,2,2,0,0,0,3,3,7,3,0,.095,.240,.095,.335
167RobR BrantlyBrantlyC167‌‌‌,MIA,5,7,3,2,0,0,1,3,3,2,0,0,.286,.500,.714,1.214
167DevonteD BrownBrownCF167‌‌‌,TOR,3,4,1,1,0,0,0,3,0,2,0,0,.250,.250,.250,.500
167VidalV BrujánBrujánSS167‌‌‌,CHC,9,21,4,7,1,1,1,3,3,7,3,0,.333,.400,.619,1.019
167KerryK CarpenterCarpenterRF167‌‌‌,DET,6,18,2,7,0,0,1,3,0,5,0,0,.389,.389,.556,.945
167HaroldH CastroCastro2B167‌‌‌,KC,7,19,1,4,1,0,1,3,1,3,0,0,.211,.250,.421,.671
167LuisL CastroCastro1B167‌‌‌,HOU,8,16,4,3,0,0,1,3,1,2,0,0,.188,.235,.375,.610
167CameronC CauleyCauleySS167‌‌‌,TEX,3,5,2,3,0,0,1,3,0,0,1,0,.600,.600,1.200,1.800
167FelninF CelestenCelestenSS167‌‌‌,SEA,3,3,1,2,1,0,0,3,0,0,0,0,.667,.500,1.000,1.500
167AllanA CerdaCerdaOF167‌‌‌,MIN,6,8,2,4,2,0,1,3,0,0,0,0,.500,.500,1.125,1.625
167KodyK ClemensClemens1B167‌‌‌,PHI,7,18,4,6,1,0,1,3,0,4,0,0,.333,.333,.556,.889
167ErnieE ClementClement3B167‌‌‌,TOR,7,17,5,8,1,0,1,3,0,2,1,0,.471,.500,.706,1.206
167WillsonW ContrerasContrerasC167‌‌‌,STL,6,14,2,7,1,0,1,3,2,2,0,0,.500,.588,.786,1.374
167ColtonC CowserCowserLF167‌‌‌,BAL,6,14,2,5,0,0,0,3,3,3,1,1,.357,.526,.357,.883
167DylanD CrewsCrewsRF167‌‌‌,WSH,7,19,6,7,0,1,0,3,4,4,2,0,.368,.478,.474,.952
167BlaineB CrimCrim1B167‌‌‌,TEX,13,15,1,4,1,0,0,3,2,3,0,0,.267,.353,.333,.686
167JosueJ De PaulaDe PaulaRF167‌‌‌,LAD,7,8,3,4,1,0,0,3,2,2,0,0,.500,.636,.625,1.261
167JassonJ DomínguezDomínguezLF167‌‌‌,NYY,8,23,4,4,0,0,1,3,1,6,0,0,.174,.208,.304,.512
167BlakeB DunnDunnLF167‌‌‌,CIN,9,16,2,5,1,0,1,3,1,3,0,0,.313,.353,.563,.916
167NickN DunnDunn3B167‌‌‌,SEA,8,15,4,7,1,0,0,3,1,1,0,0,.467,.500,.533,1.033
167TommyT EdmanEdmanCF167‌‌‌,LAD,8,23,3,5,1,0,2,3,1,4,0,0,.217,.250,.522,.772
167ChristianC Encarnacion-StrandEncarnacion-Strand1B167‌‌‌,CIN,7,17,3,4,1,0,2,3,1,4,0,0,.235,.263,.647,.910
167TristinT EnglishEnglish1B167‌‌‌,AZ,8,12,2,5,1,0,0,3,1,1,0,0,.417,.462,.500,.962
167MatthewM EtzelEtzelLF167‌‌‌,TB,10,20,3,3,1,0,1,3,1,5,0,0,.150,.190,.350,.540
167KyleK FarmerFarmer2B167‌‌‌,COL,7,16,1,5,0,0,0,3,1,4,0,0,.313,.353,.313,.666
167YanquielY FernandezFernandezRF167‌‌‌,COL,11,19,5,6,2,0,0,3,2,5,0,0,.316,.381,.421,.802
167WilmerW FloresFlores1B167‌‌‌,SF,7,18,4,5,2,0,1,3,2,2,0,0,.278,.333,.556,.889
167HarryH FordFordC167‌‌‌,SEA,6,11,3,6,0,0,0,3,2,0,3,0,.545,.643,.545,1.188
167JustinJ FoscueFoscue1B167‌‌‌,TEX,7,15,3,3,2,0,0,3,1,5,0,0,.200,.250,.333,.583
167TyT FranceFrance1B167‌‌‌,MIN,6,13,2,7,2,0,1,3,2,1,1,0,.538,.600,.923,1.523
167FreddieF FreemanFreeman1B167‌‌‌,LAD,5,14,3,5,1,0,3,3,0,1,0,0,.357,.357,1.071,1.428
167TylerT FreemanFreemanCF167‌‌‌,CLE,5,10,2,4,3,0,0,3,2,1,0,0,.400,.538,.700,1.238
167MitchM GarverGarverDH167‌‌‌,SEA,6,15,4,6,0,0,2,3,1,3,0,0,.400,.438,.800,1.238
167MickeyM GasperGasper2B167‌‌‌,MIN,6,17,3,7,0,0,1,3,1,1,0,0,.412,.444,.588,1.032
167TylerT GentryGentryRF167‌‌‌,KC,7,11,3,3,0,0,1,3,1,4,1,0,.273,.333,.545,.878
167AndrésA GimenezGiménez2B167‌‌‌,TOR,7,18,4,6,1,1,0,3,1,4,1,0,.333,.400,.500,.900
167HunterH GoodmanGoodmanC167‌‌‌,COL,7,14,5,6,3,0,0,3,4,1,0,0,.429,.556,.643,1.199
167TristanT GrayGray3B167‌‌‌,CWS,6,11,1,3,1,0,1,3,0,3,0,0,.273,.250,.636,.886
167RileyR GreeneGreeneLF167‌‌‌,DET,5,12,1,3,1,0,1,3,4,7,0,0,.250,.438,.583,1.021
167LuisL GuillormeGuillorme2B167‌‌‌,HOU,7,10,2,3,0,0,0,3,1,1,0,0,.300,.308,.300,.608
167DavidD HamiltonHamiltonSS167‌‌‌,BOS,8,20,2,5,1,0,1,3,3,2,3,1,.250,.348,.450,.798
167DustinD HarrisHarrisCF167‌‌‌,TEX,10,22,3,5,2,0,1,3,0,8,1,1,.227,.217,.455,.672
167OmarO HernandezHernandezC167‌‌‌,KC,4,7,0,3,0,1,0,3,1,2,2,0,.429,.500,.714,1.214
167NathanN HickeyHickeyC167‌‌‌,BOS,9,16,5,3,0,0,1,3,3,2,0,0,.188,.300,.375,.675
167ZyhirZ HopeHopeCF167‌‌‌,LAD,9,17,1,4,1,0,1,3,0,6,0,0,.235,.235,.471,.706
167RhysR HoskinsHoskins1B167‌‌‌,MIL,5,10,6,4,0,0,3,3,5,2,0,0,.400,.600,1.300,1.900
167AlexA JacksonJacksonC167‌‌‌,NYY,4,9,2,2,1,0,1,3,1,5,0,0,.222,.300,.667,.967
167JeremiahJ JacksonJackson2B167‌‌‌,BAL,6,8,2,3,0,0,1,3,1,0,1,0,.375,.444,.750,1.194
167TravisT JankowskiJankowskiRF167‌‌‌,CHC,6,13,5,3,0,0,0,3,3,3,0,0,.231,.375,.231,.606
167DannyD JansenJansenC167‌‌‌,TB,5,10,1,3,0,0,1,3,3,1,0,0,.300,.462,.600,1.062
167CarlosC JimenezJimenezCF167‌‌‌,SEA,5,11,1,3,2,0,0,3,0,4,0,0,.273,.273,.455,.728
167BrockB JonesJonesCF167‌‌‌,TB,1,2,2,2,0,0,2,3,0,0,0,0,1.000,1.000,4.000,5.000
167LukeL KeaschallKeaschall2B167‌‌‌,MIN,7,10,0,1,0,0,0,3,2,1,1,0,.100,.250,.100,.350
167DaShawnD Keirsey Jr.KeirseyCF167‌‌‌,MIN,8,14,5,3,0,0,1,3,5,3,3,0,.214,.450,.429,.879
167CarsonC KellyKellyC167‌‌‌,CHC,6,13,1,5,2,0,1,3,3,5,1,0,.385,.500,.769,1.269
167MattM KoperniakKoperniakLF167‌‌‌,STL,8,16,3,5,0,0,1,3,2,3,1,1,.313,.389,.500,.889
167ChristianC KossKossSS167‌‌‌,SF,12,18,8,6,3,0,1,3,1,5,1,1,.333,.400,.667,1.067
167MattM KroonKroonCF167‌‌‌,PHI,8,13,2,2,0,0,1,3,1,6,0,0,.154,.267,.385,.652
167StevenS KwanKwanLF167‌‌‌,CLE,7,20,2,7,1,0,1,3,1,3,0,0,.350,.364,.550,.914
167RafaelR LantiguaLantigua2B167‌‌‌,PHI,9,13,3,3,0,0,1,3,4,3,0,0,.231,.412,.462,.874
167LuisL LaraLaraCF167‌‌‌,MIL,7,11,1,3,0,0,0,3,1,1,0,0,.273,.286,.273,.559
167CharlesC LeblancLeblanc3B167‌‌‌,ATL,8,12,4,3,0,0,1,3,1,2,1,0,.250,.308,.500,.808
167DaylenD LileLileCF167‌‌‌,WSH,9,11,2,3,1,0,0,3,5,1,2,0,.273,.500,.364,.864
167AndreA LipciusLipcius2B167‌‌‌,CWS,8,11,1,2,1,0,1,3,1,3,0,0,.182,.250,.545,.795
167TylerT LocklearLocklear1B167‌‌‌,SEA,8,14,3,4,2,0,0,3,1,5,1,0,.286,.375,.429,.804
167NickN LoftinLoftin2B167‌‌‌,KC,7,13,2,6,3,0,0,3,4,3,0,0,.462,.588,.692,1.280
167GavinG LuxLux2B167‌‌‌,CIN,7,16,1,3,2,0,0,3,5,5,1,0,.188,.381,.313,.694
167LukeL MaileMaileC167‌‌‌,KC,4,11,2,2,0,0,1,3,0,3,0,0,.182,.182,.455,.637
167CadeC MarloweMarloweLF167‌‌‌,SEA,7,13,4,3,2,0,0,3,3,6,2,0,.231,.375,.385,.760
167KetelK MarteMarte2B167‌‌‌,AZ,9,27,4,9,0,0,0,3,0,6,0,0,.333,.321,.333,.654
167NoelviN MarteMarte3B167‌‌‌,CIN,9,18,2,2,1,1,0,3,1,7,0,0,.111,.150,.278,.428
167OrelvisO MartinezMartinez2B167‌‌‌,TOR,6,11,3,3,1,0,1,3,2,4,0,0,.273,.385,.636,1.021
167MichaelM MasseyMassey2B167‌‌‌,KC,8,17,6,7,2,0,0,3,3,1,0,1,.412,.522,.529,1.051
167MilesM MastrobuoniMastrobuoniSS167‌‌‌,SEA,8,13,3,5,1,1,0,3,2,0,0,0,.385,.467,.615,1.082
167NickN MatonMatonLF167‌‌‌,CWS,8,12,5,3,0,0,2,3,1,3,0,0,.250,.357,.750,1.107
167CharlesC McAdooMcAdoo2B167‌‌‌,TOR,7,12,3,2,0,0,1,3,1,4,0,0,.167,.231,.417,.648
167MattM McLainMcLainSS167‌‌‌,CIN,7,20,4,7,3,0,1,3,0,7,0,0,.350,.350,.650,1.000
167MattM MervisMervis1B167‌‌‌,MIA,6,16,1,4,0,0,1,3,1,6,0,0,.250,.294,.438,.732
167JakeJ MeyersMeyersCF167‌‌‌,HOU,6,13,1,3,0,0,1,3,1,6,0,0,.231,.286,.462,.748
167TylerT MillerMiller1B167‌‌‌,BOS,5,6,1,1,0,0,1,3,2,3,0,0,.167,.375,.667,1.042
167BennyB MontgomeryMontgomeryOF167‌‌‌,COL,6,6,2,2,1,0,0,3,1,0,0,0,.333,.429,.500,.929
167JoshJ NaylorNaylor1B167‌‌‌,AZ,8,22,2,10,4,0,0,3,1,1,0,1,.455,.458,.636,1.094
167LarsL NootbaarNootbaarRF167‌‌‌,STL,7,15,2,4,1,0,0,3,5,3,0,0,.267,.450,.333,.783
167ConnorC NorbyNorby3B167‌‌‌,MIA,6,17,3,5,1,0,0,3,0,5,0,0,.294,.294,.353,.647
167TylerT O'NeillO'NeillLF167‌‌‌,BAL,3,5,2,2,0,0,1,3,2,1,0,0,.400,.571,1.000,1.571
167MattM OlsonOlson1B167‌‌‌,ATL,7,17,3,4,0,0,2,3,2,1,0,0,.235,.316,.588,.904
167JonathanJ OrnelasOrnelas3B167‌‌‌,TEX,11,19,2,6,2,0,0,3,1,6,0,0,.316,.381,.421,.802
167AbimelecA OrtizOrtiz1B167‌‌‌,TEX,9,11,3,5,1,0,1,3,0,2,0,0,.455,.455,.818,1.273
167AlejandroA OsunaOsunaRF167‌‌‌,TEX,12,21,1,9,2,1,0,3,3,4,2,1,.429,.480,.619,1.099
167AndrewA PinckneyPinckneyLF167‌‌‌,WSH,11,23,2,6,0,1,1,3,1,9,1,0,.261,.292,.478,.770
167J.T.J RealmutoRealmutoC167‌‌‌,PHI,5,12,0,3,0,0,0,3,3,4,0,0,.250,.400,.250,.650
167EndyE RodríguezRodríguezC167‌‌‌,PIT,6,12,5,5,1,0,1,3,3,0,0,0,.417,.533,.750,1.283
167BrentB RookerRookerLF167‌‌‌,ATH,7,18,1,4,1,0,0,3,1,8,0,0,.222,.238,.278,.516
167EddieE RosarioRosarioOF167‌‌‌,LAD,7,16,1,2,0,0,1,3,3,5,1,0,.125,.263,.313,.576
167KeibertK RuizRuizC167‌‌‌,WSH,6,17,2,5,0,0,2,3,1,2,0,0,.294,.333,.647,.980
167VictorV Scott IIScottCF167‌‌‌,STL,6,15,6,7,1,1,1,3,3,2,4,1,.467,.556,.867,1.423
167CoreyC SeagerSeagerSS167‌‌‌,TEX,8,19,2,3,0,0,1,3,2,7,0,0,.158,.238,.316,.554
167NickN SogardSogard2B167‌‌‌,BOS,11,22,8,8,2,0,1,3,4,4,0,0,.364,.462,.591,1.053
167EdmundoE SosaSosaSS167‌‌‌,PHI,6,15,1,4,1,0,0,3,1,6,0,0,.267,.313,.333,.646
167LivanL SotoSotoSS167‌‌‌,BAL,7,15,4,7,2,0,0,3,3,4,2,0,.467,.556,.600,1.156
167JacobJ StallingsStallingsC167‌‌‌,COL,5,12,1,2,1,0,0,3,0,5,0,0,.167,.167,.250,.417
167MikeM TauchmanTauchmanRF167‌‌‌,CWS,7,20,2,3,0,0,2,3,0,6,0,0,.150,.190,.450,.640
167KyleK TeelTeelC167‌‌‌,CWS,7,6,2,1,0,0,1,3,3,1,0,0,.167,.444,.667,1.111
167MilanM TolentinoTolentinoSS167‌‌‌,CLE,6,8,3,4,0,1,1,3,2,2,1,0,.500,.600,1.125,1.725
167MikeM TroutTroutCF167‌‌‌,LAA,6,11,3,4,1,0,2,3,5,5,0,1,.364,.588,1.000,1.588
167BriceB TurangTurang2B167‌‌‌,MIL,7,19,2,4,1,0,1,3,1,3,1,0,.211,.250,.421,.671
167DaultonD VarshoVarshoCF167‌‌‌,TOR,3,7,2,2,0,0,2,3,2,1,0,0,.286,.444,1.143,1.587
167SebastianS WalcottWalcottSS167‌‌‌,TEX,8,9,3,4,3,0,1,3,1,1,0,0,.444,.500,1.111,1.611
167DrewD WatersWatersRF167‌‌‌,KC,7,13,1,2,1,0,0,3,2,5,1,0,.154,.267,.231,.498
167JJJ WetherholtWetherholtSS167‌‌‌,STL,8,16,4,2,0,0,1,3,4,4,2,0,.125,.300,.313,.613
167JoeyJ WiemerWiemerLF167‌‌‌,KC,8,15,4,2,0,0,1,3,5,6,0,0,.133,.350,.333,.683
287JoshJ AdamczewskiAdamczewski2B287‌‌‌,MIL,2,3,2,2,0,0,1,2,0,0,0,0,.667,.667,1.667,2.334
287JordynJ AdamsAdamsRF287‌‌‌,BAL,7,9,0,1,0,0,0,2,0,3,0,0,.111,.111,.111,.222
287CJC AlexanderAlexander3B287‌‌‌,ATH,11,17,0,3,0,0,0,2,4,4,0,0,.176,.333,.176,.509
287EliezerE AlfonzoAlfonzoC287‌‌‌,DET,5,8,2,3,1,0,0,2,0,1,0,0,.375,.375,.500,.875
287NickN AllenAllenSS287‌‌‌,ATL,6,13,2,5,1,0,0,2,2,2,0,0,.385,.467,.462,.929
287JayJ Allen IIAllen IICF287‌‌‌,CIN,3,4,0,2,0,0,0,2,0,1,0,0,.500,.500,.500,1.000
287BubbaB AlleyneAlleyneLF287‌‌‌,LAD,3,4,1,2,0,0,0,2,0,1,0,1,.500,.500,.500,1.000
287MiguelM AmayaAmayaC287‌‌‌,CHC,6,18,2,9,2,0,1,2,0,4,0,0,.500,.526,.778,1.304
287JonathanJ ArandaAranda1B287‌‌‌,TB,7,19,2,5,1,0,0,2,1,6,0,0,.263,.300,.316,.616
287LuisL ArraezArraez1B287‌‌‌,SD,7,15,1,4,0,0,0,2,0,2,0,0,.267,.267,.267,.534
287MichaelM ArroyoArroyoSS287‌‌‌,SEA,6,10,1,2,1,0,0,2,0,3,0,0,.200,.273,.300,.573
287DrakeD BaldwinBaldwinC287‌‌‌,ATL,7,13,3,4,1,0,0,2,4,0,0,0,.308,.471,.385,.856
287MoisesM BallesterosBallesterosC287‌‌‌,CHC,7,12,5,5,0,0,1,2,1,3,0,0,.417,.462,.667,1.129
287AustinA BarnesBarnesC287‌‌‌,LAD,6,14,1,6,1,0,0,2,1,2,1,0,.429,.500,.500,1.000
287SamuelS BasalloBasalloC287‌‌‌,BAL,7,10,3,3,0,0,1,2,0,3,0,0,.300,.273,.600,.873
287DylanD BeaversBeaversRF287‌‌‌,BAL,5,8,2,3,1,0,1,2,1,2,0,0,.375,.444,.875,1.319
287CodyC BellingerBellingerCF287‌‌‌,NYY,7,18,3,8,1,0,1,2,0,2,0,0,.444,.444,.667,1.111
287WillW BensonBensonLF287‌‌‌,CIN,7,13,3,3,0,1,2,2,1,5,0,0,.231,.333,.846,1.179
287BryantB BetancourtBetancourtC287‌‌‌,COL,3,2,1,1,0,0,0,2,0,1,0,0,.500,.500,.500,1.000
287MookieM BettsBettsSS287‌‌‌,LAD,8,20,3,5,0,0,1,2,1,0,0,0,.250,.273,.400,.673
287BoB BichetteBichetteSS287‌‌‌,TOR,8,22,3,8,2,0,1,2,1,4,0,1,.364,.391,.591,.982
287JaxJ BiggersBiggers2B287‌‌‌,TEX,9,8,3,2,1,0,1,2,2,1,0,0,.250,.400,.750,1.150
287JJJ BledayBledayCF287‌‌‌,ATH,6,15,5,5,1,0,1,2,3,2,0,0,.333,.444,.600,1.044
287RyanR BlissBliss2B287‌‌‌,SEA,7,16,4,5,2,1,0,2,0,4,1,1,.313,.313,.563,.876
287AlecA BohmBohm3B287‌‌‌,PHI,6,17,3,4,0,0,2,2,1,3,0,0,.235,.278,.588,.866
287AaronA BrachoBracho2B287‌‌‌,LAD,5,5,1,2,0,0,1,2,0,1,0,0,.400,.400,1.000,1.400
287EnriqueE Bradfield Jr.BradfieldCF287‌‌‌,BAL,4,6,2,1,0,0,1,2,1,1,0,1,.167,.286,.667,.953
287KrisK BryantBryantRF287‌‌‌,COL,5,12,3,3,1,0,1,2,2,2,0,0,.250,.357,.583,.940
287JavierJ BáezBáezSS287‌‌‌,DET,4,8,1,2,2,0,0,2,2,2,0,0,.250,.400,.500,.900
287OswaldoO CabreraCabrera3B287‌‌‌,NYY,7,19,3,6,0,0,1,2,2,1,1,0,.316,.381,.474,.855
287ChristianC CairoCairoSS287‌‌‌,ATL,8,13,2,4,1,0,0,2,2,4,1,0,.308,.400,.385,.785
287TylerT CallihanCallihan2B287‌‌‌,CIN,10,15,2,3,2,0,0,2,0,4,0,0,.200,.176,.333,.509
287GustavoG CamperoCamperoRF287‌‌‌,LAA,12,18,3,6,1,0,0,2,3,4,1,0,.333,.429,.389,.818
287DominicD CanzoneCanzoneRF287‌‌‌,SEA,8,18,4,4,3,0,0,2,1,0,0,0,.222,.263,.389,.652
287DylanD CarlsonCarlsonLF287‌‌‌,BAL,7,10,4,2,0,0,0,2,5,1,1,0,.200,.438,.200,.638
287Tsung-CheT ChengChengSS287‌‌‌,PIT,10,15,4,6,2,0,1,2,1,3,0,0,.400,.412,.733,1.145
287RyanR CliffordClifford1B287‌‌‌,NYM,6,11,2,1,0,0,1,2,0,3,0,0,.091,.091,.364,.455
287MarkM Coley IIColeyCF287‌‌‌,MIA,4,4,1,2,0,0,1,2,0,1,0,1,.500,.500,1.250,1.750
287IsaacI CollinsCollinsLF287‌‌‌,MIL,7,18,0,2,0,0,0,2,2,3,1,0,.111,.200,.111,.311
287CalC ConleyConleySS287‌‌‌,ATL,5,9,2,4,1,0,0,2,0,0,0,0,.444,.444,.556,1.000
287GavinG ConticelloConticello1B287‌‌‌,AZ,2,2,1,2,0,0,0,2,1,0,0,0,1.000,1.000,1.000,2.000
287WilliamW ContrerasContrerasC287‌‌‌,MIL,6,14,3,6,1,0,1,2,3,2,1,0,.429,.529,.714,1.243
287CarsonC DeMartiniDeMartiniSS287‌‌‌,PHI,3,5,1,1,0,0,1,2,0,3,0,0,.200,.200,.800,1.000
287RaynelR DelgadoDelgado2B287‌‌‌,MIL,9,18,3,5,1,0,1,2,3,7,0,0,.278,.381,.500,.881
287JoseJ DeversDeversSS287‌‌‌,CLE,4,6,2,2,1,0,1,2,0,1,0,0,.333,.333,1.000,1.333
287ZachZ DezenzoDezenzo1B287‌‌‌,HOU,7,18,1,5,1,0,0,2,0,5,0,0,.278,.278,.333,.611
287YainerY DiazDiazC287‌‌‌,HOU,7,20,2,3,0,0,1,2,0,2,0,0,.150,.150,.300,.450
287CalebC DurbinDurbin2B287‌‌‌,MIL,9,28,7,5,0,0,2,2,2,6,2,0,.179,.258,.393,.651
287BryceB EldridgeEldridgeIF287‌‌‌,SF,8,11,2,2,0,0,1,2,1,8,0,0,.182,.250,.455,.705
287SantiagoS EspinalEspinal3B287‌‌‌,CIN,7,18,4,6,2,1,1,2,0,2,0,1,.333,.368,.722,1.090
287JudJ FabianFabianCF287‌‌‌,BAL,4,5,4,2,1,0,0,2,3,2,0,1,.400,.625,.600,1.225
287MaxM FergusonFerguson2B287‌‌‌,BOS,6,5,0,2,0,0,0,2,2,2,0,0,.400,.571,.400,.971
287JoséJ FermínFermín2B287‌‌‌,STL,9,18,1,4,2,0,0,2,1,1,0,0,.222,.263,.333,.596
287DominicD FletcherFletcherRF287‌‌‌,CWS,8,15,1,2,0,0,1,2,2,4,0,0,.133,.316,.333,.649
287MikeM FordFord1B287‌‌‌,MIN,8,16,1,1,0,0,1,2,2,4,0,0,.063,.158,.250,.408
287JakeJ FraleyFraleyRF287‌‌‌,CIN,7,16,2,3,0,0,1,2,2,4,1,0,.188,.316,.375,.691
287AramisA GarciaGarciaC287‌‌‌,AZ,5,5,1,1,1,0,0,2,0,1,0,0,.200,.200,.400,.600
287LuisL García Jr.García2B287‌‌‌,WSH,4,8,2,3,0,0,1,2,3,1,0,0,.375,.545,.750,1.295
287RicardoR GenovésGenovésC287‌‌‌,TB,8,13,1,3,1,0,0,2,2,3,0,0,.231,.333,.308,.641
287OscarO GonzalezGonzalezOF287‌‌‌,SD,10,26,3,9,3,0,0,2,0,5,0,0,.346,.370,.462,.832
287KonnorK GriffinGriffinSS287‌‌‌,PIT,6,8,3,2,0,0,1,2,0,2,0,0,.250,.333,.625,.958
287JordanJ GroshansGroshans3B287‌‌‌,KC,7,8,2,3,1,0,0,2,2,0,0,0,.375,.500,.500,1.000
287LourdesL Gurriel Jr.GurrielLF287‌‌‌,AZ,6,15,1,3,0,0,0,2,1,0,1,0,.200,.235,.200,.435
287AbrahanA GutierrezGutierrezC287‌‌‌,PIT,5,6,1,2,0,0,0,2,0,3,0,0,.333,.286,.333,.619
287EricE HaaseHaaseC287‌‌‌,MIL,6,18,0,5,1,0,0,2,0,6,0,0,.278,.263,.333,.596
287SamS HaggertyHaggertyLF287‌‌‌,TEX,6,12,2,3,1,0,0,2,2,3,0,0,.250,.357,.333,.690
287MaverickM HandleyHandleyC287‌‌‌,BAL,5,6,1,3,2,0,0,2,2,1,0,0,.500,.625,.833,1.458
287TylerT HeinemanHeinemanC287‌‌‌,TOR,5,6,0,2,0,0,0,2,2,2,1,0,.333,.500,.333,.833
287EnriqueK HernándezHernández3B287‌‌‌,LAD,7,16,4,5,3,0,0,2,4,4,0,0,.313,.450,.500,.950
287YonnyY HernándezHernándezSS287‌‌‌,NYM,6,6,1,2,0,0,0,2,2,0,0,0,.333,.500,.333,.833
287IvánI HerreraHerreraC287‌‌‌,STL,7,11,1,2,2,0,0,2,4,6,0,1,.182,.375,.364,.739
287P.J.P HigginsHigginsC287‌‌‌,CIN,2,2,0,1,0,0,0,2,0,0,0,0,.500,.500,.500,1.000
287JacksonJ HollidayHolliday2B287‌‌‌,BAL,6,16,2,4,0,0,1,2,1,3,2,2,.250,.294,.438,.732
287SamS HuffHuffC287‌‌‌,SF,6,13,4,4,1,0,1,2,4,8,0,0,.308,.471,.615,1.086
287BlakeB HuntHuntC287‌‌‌,SEA,7,9,4,5,2,0,1,2,1,3,0,0,.556,.636,1.111,1.747
287JackJ HurleyHurleyCF287‌‌‌,AZ,4,4,1,1,0,0,0,2,1,2,0,0,.250,.400,.250,.650
287KyleK IsbelIsbelCF287‌‌‌,KC,7,18,3,4,1,0,0,2,1,4,4,0,.222,.286,.278,.564
287ChaseC JaworskyJaworskySS287‌‌‌,HOU,3,1,0,1,0,0,0,2,1,0,0,0,1.000,.667,1.000,1.667
287RyanR JeffersJeffersC287‌‌‌,MIN,6,15,1,4,0,0,0,2,1,4,0,0,.267,.368,.267,.635
287EloyE JiménezJiménezDH287‌‌‌,TB,7,18,1,4,0,0,1,2,1,7,0,0,.222,.300,.389,.689
287BryceB JohnsonJohnsonRF287‌‌‌,PIT,9,15,1,4,0,0,0,2,1,3,0,1,.267,.313,.267,.580
287IvanI JohnsonJohnson2B287‌‌‌,CIN,6,8,0,2,0,0,0,2,0,3,0,0,.250,.333,.250,.583
287AaronA JudgeJudgeCF287‌‌‌,NYY,3,5,0,1,0,0,0,2,3,2,0,0,.200,.500,.200,.700
287CoreyC JulksJulksLF287‌‌‌,CWS,7,17,1,2,0,0,1,2,2,9,0,0,.118,.211,.294,.505
287ConnorC KaiserKaiserSS287‌‌‌,AZ,10,12,2,1,0,0,0,2,2,7,0,0,.083,.214,.083,.297
287JoshJ KasevichKasevichSS287‌‌‌,TOR,5,9,2,2,0,0,0,2,1,0,0,0,.222,.300,.222,.522
287NickN KurtzKurtz1B287‌‌‌,ATH,10,14,2,3,0,0,0,2,5,3,0,0,.214,.421,.214,.635
287RamónR LaureanoLaureanoRF287‌‌‌,BAL,6,13,2,3,1,0,0,2,2,5,0,0,.231,.333,.308,.641
287BrooksB LeeLeeSS287‌‌‌,MIN,7,20,2,5,0,0,1,2,1,2,0,1,.250,.286,.400,.686
287KoreyK LeeLeeC287‌‌‌,CWS,5,9,2,3,1,0,0,2,0,1,1,0,.333,.333,.444,.777
287SandyS LeónLeónC287‌‌‌,ATL,5,7,2,2,0,0,2,2,1,4,0,0,.286,.375,1.143,1.518
287FranciscoF LindorLindorSS287‌‌‌,NYM,6,17,2,3,0,0,0,2,1,1,0,0,.176,.222,.176,.398
287GriffinG Lockwood-PowellLockwood-PowellC287‌‌‌,LAD,9,15,2,3,2,0,0,2,2,7,0,0,.200,.294,.333,.627
287WillieW MacIverMacIverC287‌‌‌,ATH,4,3,0,0,0,0,0,2,2,0,0,0,.000,.286,.000,.286
287MannyM MachadoMachado3B287‌‌‌,SD,5,11,1,2,1,0,1,2,0,1,0,0,.182,.182,.545,.727
287KyleK ManzardoManzardo1B287‌‌‌,CLE,7,16,3,6,1,0,1,2,1,5,0,0,.375,.444,.625,1.069
287RafaelR MarchánMarchánC287‌‌‌,PHI,5,12,0,4,1,0,0,2,1,2,0,0,.333,.385,.417,.802
287JakeJ MarisnickMarisnickCF287‌‌‌,ATL,7,12,2,3,0,0,1,2,2,3,2,0,.250,.357,.500,.857
287CobyC MayoMayo3B287‌‌‌,BAL,8,20,2,1,0,0,0,2,1,5,0,0,.050,.095,.050,.145
287DavidD McCabeMcCabe3B287‌‌‌,ATL,4,6,1,2,0,0,0,2,1,1,0,0,.333,.429,.333,.762
287ChasC McCormickMcCormickLF287‌‌‌,HOU,6,11,1,1,0,0,0,2,4,2,3,0,.091,.375,.091,.466
287GrantG McCrayMcCrayCF287‌‌‌,SF,11,21,5,5,0,0,1,2,1,9,3,0,.238,.304,.381,.685
287NickN McLainMcLainCF287‌‌‌,CWS,1,2,0,1,0,0,0,2,0,0,0,0,.500,.500,.500,1.000
287RyanR McMahonMcMahon3B287‌‌‌,COL,8,18,3,7,2,0,0,2,5,7,0,1,.389,.522,.500,1.022
287CurtisC MeadMead2B287‌‌‌,TB,7,18,4,14,1,0,1,2,3,1,1,0,.778,.810,1.000,1.810
287CarlosC MendozaMendoza3B287‌‌‌,DET,5,5,2,3,2,0,0,2,0,1,0,0,.600,.600,1.000,1.600
287DavidD MershonMershonSS287‌‌‌,LAA,8,9,2,0,0,0,0,2,2,4,0,0,.000,.167,.000,.167
287EddieE Micheletti Jr.MichelettiRF287‌‌‌,TOR,3,4,0,2,0,0,0,2,0,0,0,0,.500,.500,.500,1.000
287KameronK MisnerMisnerLF287‌‌‌,TB,7,14,3,5,0,0,1,2,2,3,2,0,.357,.438,.571,1.009
287AndruwA MonasterioMonasterio3B287‌‌‌,MIL,8,12,4,5,1,0,1,2,5,2,1,0,.417,.611,.750,1.361
287ColsonC MontgomeryMontgomerySS287‌‌‌,CWS,3,7,1,1,0,0,1,2,0,4,0,0,.143,.143,.571,.714
287ChristianC MooreMoore2B287‌‌‌,LAA,11,23,3,6,0,1,0,2,3,9,0,0,.261,.346,.348,.694
287YohandyY MoralesMorales1B287‌‌‌,WSH,11,19,2,4,1,0,0,2,1,8,0,1,.211,.286,.263,.549
287AustinA MurrMurrLF287‌‌‌,DET,3,3,1,1,1,0,0,2,0,0,0,0,.333,.250,.667,.917
287CarlosC NarvaezNarvaezC287‌‌‌,BOS,6,15,1,4,1,0,0,2,1,6,0,0,.267,.313,.333,.646
287AndrewA NavigatoNavigatoSS287‌‌‌,DET,10,16,3,7,3,0,0,2,1,2,0,1,.438,.471,.625,1.096
287ArjunA NimmalaNimmalaSS287‌‌‌,TOR,2,4,1,2,1,0,1,2,0,1,0,0,.500,.500,1.500,2.000
287RyanR O'HearnO'Hearn1B287‌‌‌,BAL,6,15,0,3,0,0,0,2,2,2,0,0,.200,.294,.200,.494
287LoganL O'HoppeO'HoppeC287‌‌‌,LAA,5,11,1,6,2,0,0,2,2,4,0,0,.545,.615,.727,1.342
287ChrisC OkeyOkeyC287‌‌‌,LAD,8,10,1,3,0,0,1,2,1,2,0,0,.300,.417,.600,1.017
287TirsoT OrnelasOrnelasLF287‌‌‌,SD,10,22,4,9,4,0,1,2,4,1,0,1,.409,.500,.727,1.227
287JoeyJ OrtizOrtiz3B287‌‌‌,MIL,7,18,5,5,0,1,1,2,2,4,3,0,.278,.350,.556,.906
287JamesJ OutmanOutmanCF287‌‌‌,LAD,7,19,2,4,1,1,0,2,2,10,2,0,.211,.273,.368,.641
287MarcellM OzunaOzunaDH287‌‌‌,ATL,7,16,1,3,0,0,1,2,2,2,0,0,.188,.278,.375,.653
287AndyA PagesPagesCF287‌‌‌,LAD,8,20,2,3,0,0,1,2,2,6,0,0,.150,.261,.300,.561
287IsaacI ParedesParedes3B287‌‌‌,HOU,5,10,3,3,1,0,1,2,3,2,0,0,.300,.462,.700,1.162
287YordalinY PenaPenaCF287‌‌‌,STL,1,1,1,1,0,0,1,2,0,0,0,0,1.000,1.000,4.000,5.000
287JeremyJ PeñaPeñaSS287‌‌‌,HOU,4,10,1,5,1,0,1,2,0,1,0,0,.500,.500,.900,1.400
287KevinK PillarPillarCF287‌‌‌,TEX,6,17,2,5,1,0,0,2,1,1,2,0,.294,.333,.353,.686
287CollinC PricePriceC287‌‌‌,HOU,6,9,2,3,0,0,1,2,0,2,0,0,.333,.333,.667,1.000
287MicahM PriesPries1B287‌‌‌,CLE,7,10,1,4,2,0,0,2,2,3,0,1,.400,.500,.600,1.100
287CarlosC PérezPérezC287‌‌‌,CHC,9,14,3,2,0,0,1,2,2,5,0,0,.143,.250,.357,.607
287GeraldoG QuinteroQuintero2B287‌‌‌,ATL,4,4,2,1,1,0,0,2,2,1,0,0,.250,.500,.500,1.000
287AgustinA RamirezRamirezC287‌‌‌,MIA,6,11,2,2,0,0,1,2,3,1,0,0,.182,.357,.455,.812
287PabloP ReyesReyes2B287‌‌‌,NYY,7,15,3,5,1,0,0,2,4,3,2,0,.333,.450,.400,.850
287BenB RiceRice1B287‌‌‌,NYY,6,16,3,4,0,0,1,2,2,5,0,0,.250,.333,.438,.771
287AustinA RileyRiley3B287‌‌‌,ATL,7,18,2,5,1,0,1,2,1,5,0,0,.278,.316,.500,.816
287JeremyJ RivasRivas2B287‌‌‌,STL,9,7,0,2,0,0,0,2,1,2,1,0,.286,.444,.286,.730
287KristianK RobinsonRobinsonLF287‌‌‌,AZ,9,11,3,1,0,0,1,2,1,4,0,0,.091,.167,.364,.531
287BrayanB RocchioRocchioSS287‌‌‌,CLE,7,17,2,7,4,0,0,2,1,2,1,0,.412,.444,.647,1.091
287BrockB RoddenRodden2B287‌‌‌,SEA,6,12,1,2,0,0,0,2,2,5,0,0,.167,.286,.167,.453
287AlanA RodenRodenRF287‌‌‌,TOR,8,10,4,4,2,0,1,2,4,0,0,0,.400,.600,.900,1.500
287JohnathanJ RodriguezRodriguezRF287‌‌‌,CLE,7,10,2,3,1,0,1,2,4,3,0,1,.300,.467,.700,1.167
287RamónR RodríguezRodriguezC287‌‌‌,MIL,4,7,0,3,0,0,0,2,0,1,0,0,.429,.429,.429,.858
287MikeyM RomeroRomeroSS287‌‌‌,BOS,4,6,2,4,1,0,1,2,1,1,0,0,.667,.714,1.333,2.047
287AmedA RosarioRosarioRF287‌‌‌,WSH,7,19,1,4,1,0,0,2,0,1,0,0,.211,.211,.263,.474
287DaltonD RushingRushingC287‌‌‌,LAD,8,5,2,2,1,0,0,2,6,1,0,0,.400,.769,.600,1.369
287AdleyA RutschmanRutschmanC287‌‌‌,BAL,6,13,4,6,0,0,1,2,2,3,0,0,.462,.563,.692,1.255
287ThomasT SaggeseSaggese2B287‌‌‌,STL,7,19,2,5,0,0,1,2,2,7,0,0,.263,.333,.421,.754
287DanielD SchneemannSchneemannSS287‌‌‌,CLE,5,11,1,2,0,0,1,2,2,3,0,0,.182,.308,.455,.763
287DavisD SchneiderSchneiderLF287‌‌‌,TOR,8,13,4,5,1,0,1,2,7,4,0,0,.385,.600,.692,1.292
287MarcusM SemienSemien2B287‌‌‌,TEX,9,23,2,5,0,1,1,2,1,3,0,0,.217,.280,.435,.715
287BobB SeymourSeymour1B287‌‌‌,TB,7,13,1,3,1,0,0,2,2,5,0,0,.231,.333,.308,.641
287GavinG SheetsSheets1B287‌‌‌,SD,10,24,1,3,2,0,0,2,1,7,0,0,.125,.160,.208,.368
287JoshJ SmithSmith3B287‌‌‌,TEX,8,22,4,6,3,0,1,2,2,5,0,1,.273,.333,.545,.878
287GeorgeG SpringerSpringerRF287‌‌‌,TOR,5,10,2,2,1,0,0,2,2,3,0,0,.200,.429,.300,.729
287BrettB SquiresSquires1B287‌‌‌,KC,4,7,1,1,0,0,0,2,0,3,0,0,.143,.143,.143,.286
287MichaelM StefanicStefanic2B287‌‌‌,TOR,8,14,1,3,0,0,0,2,2,4,0,0,.214,.294,.214,.508
287TylerT StephensonStephensonC287‌‌‌,CIN,6,14,3,4,2,0,1,2,3,6,0,0,.286,.412,.643,1.055
287TrevorT StoryStorySS287‌‌‌,BOS,6,17,3,7,3,0,0,2,0,4,0,0,.412,.444,.588,1.032
287JosephJ SullivanSullivanCF287‌‌‌,HOU,6,8,3,1,0,0,1,2,0,5,0,0,.125,.300,.500,.800
287JaredJ SundstromSundstromOF287‌‌‌,SEA,4,6,3,2,2,0,0,2,1,2,0,0,.333,.375,.667,1.042
287YolmerY SánchezSánchez3B287‌‌‌,LAA,7,10,1,2,0,0,0,2,0,4,1,0,.200,.200,.200,.400
287BryceB TeodosioTeodosioCF287‌‌‌,LAA,8,8,0,0,0,0,0,2,1,2,1,0,.000,.091,.000,.091
287CodyC ThomasThomasRF287‌‌‌,TEX,12,13,2,1,0,0,0,2,3,6,1,1,.077,.250,.077,.327
287TylerT TolbertTolbertSS287‌‌‌,KC,8,15,2,2,1,0,1,2,2,7,0,0,.133,.235,.400,.635
287SpencerS TorkelsonTorkelson1B287‌‌‌,DET,7,17,2,4,0,0,1,2,1,5,1,0,.235,.278,.412,.690
287LuisL TorrensTorrensC287‌‌‌,NYM,7,16,1,5,0,0,0,2,1,1,0,0,.313,.353,.313,.666
287BryanB TorresTorres2B287‌‌‌,STL,11,11,1,1,0,0,0,2,4,4,0,1,.091,.333,.091,.424
287GleyberG TorresTorres2B287‌‌‌,DET,5,11,2,2,0,0,1,2,3,3,0,0,.182,.357,.455,.812
287LuisL UríasUrías3B287‌‌‌,ATH,7,15,2,3,1,0,0,2,3,4,0,0,.200,.333,.267,.600
287RamónR UríasUrías3B287‌‌‌,BAL,5,12,2,4,1,0,1,2,1,1,0,0,.333,.385,.667,1.052
287DanielD VazquezVazquezSS287‌‌‌,KC,9,13,3,4,0,0,0,2,1,2,0,0,.308,.357,.308,.665
287AndrewA VelazquezVelazquezSS287‌‌‌,NYY,8,15,2,4,1,0,1,2,1,5,0,0,.267,.313,.533,.846
287JoeJ VetranoVetrano1B287‌‌‌,LAD,1,2,1,1,1,0,0,2,0,0,0,0,.500,.500,1.000,1.500
287DavidD VillarVillar2B287‌‌‌,SF,9,17,0,3,0,0,0,2,1,7,0,0,.176,.222,.176,.398
287ChristianC VázquezVázquezC287‌‌‌,MIN,5,13,1,3,1,0,0,2,0,1,0,0,.231,.231,.308,.539
287TylerT WadeWade3B287‌‌‌,SD,6,16,0,3,0,0,0,2,0,1,1,0,.188,.188,.188,.376
287JordanJ WalkerWalkerRF287‌‌‌,STL,6,14,1,2,1,0,0,2,0,8,0,0,.143,.133,.214,.347
287CaydenC WallaceWallace3B287‌‌‌,WSH,9,6,3,1,0,0,1,2,3,2,0,0,.167,.545,.667,1.212
287ZavierZ WarrenWarren1B287‌‌‌,MIL,2,1,1,1,0,0,1,2,1,0,0,0,1.000,1.000,4.000,5.000
287ShayS WhitcombWhitcombSS287‌‌‌,HOU,7,13,2,3,0,0,1,2,1,5,1,0,.231,.286,.462,.748
287WillW WilsonWilsonSS287‌‌‌,CLE,7,12,3,3,1,0,0,2,0,4,1,1,.250,.250,.333,.583
287JesseJ WinkerWinkerLF287‌‌‌,NYM,7,14,2,5,2,0,0,2,3,3,0,0,.357,.471,.500,.971
287JackJ WinklerWinklerSS287‌‌‌,MIA,7,7,4,3,1,0,1,2,3,1,1,0,.429,.600,1.000,1.600
287ChristianC YelichYelichLF287‌‌‌,MIL,2,5,0,0,0,0,0,2,0,3,0,0,.000,.000,.000,.000
287JuanJ YepezYepez1B287‌‌‌,WSH,7,18,0,4,1,0,0,2,0,2,0,0,.222,.263,.278,.541
287JacobJ YoungYoungCF287‌‌‌,WSH,7,19,4,4,0,0,1,2,1,5,2,0,.211,.250,.368,.618
475CJC AbramsAbramsSS475‌‌‌,WSH,6,19,1,3,1,0,0,1,0,0,0,0,.158,.158,.211,.369
475MaxM AcostaAcostaSS475‌‌‌,MIA,5,9,1,3,0,0,1,1,2,3,0,1,.333,.455,.667,1.122
475LuisangelL AcuñaAcuñaSS475‌‌‌,NYM,7,15,2,2,0,0,0,1,0,4,2,0,.133,.188,.133,.321
475SergioS AlcántaraAlcántaraSS475‌‌‌,SF,11,16,1,3,0,0,0,1,2,5,0,0,.188,.278,.188,.466
475OmarO AlfonzoAlfonzoC475‌‌‌,PIT,4,4,1,0,0,0,0,1,1,3,0,0,.000,.200,.000,.200
475JoseJ AltuveAltuve2B475‌‌‌,HOU,4,11,1,2,0,0,1,1,1,3,0,0,.182,.250,.455,.705
475FranciscoF AlvarezAlvarezC475‌‌‌,NYM,8,20,1,4,0,0,0,1,4,11,0,0,.200,.333,.200,.533
475TimT AndersonAndersonSS475‌‌‌,LAA,8,20,3,3,0,0,1,1,2,4,2,0,.150,.227,.300,.527
475GabrielG AriasArias3B475‌‌‌,CLE,7,16,1,3,0,0,1,1,1,3,0,1,.188,.235,.375,.610
475RandyR ArozarenaArozarenaLF475‌‌‌,SEA,8,21,0,5,0,0,0,1,2,9,2,0,.238,.304,.238,.542
475EdwinE ArroyoArroyoSS475‌‌‌,CIN,8,16,2,3,0,0,0,1,0,4,1,0,.188,.188,.188,.376
475HarrisonH BaderBaderCF475‌‌‌,MIN,6,16,2,5,1,0,1,1,1,1,0,0,.313,.353,.563,.916
475Ji HwanJ BaeBaeCF475‌‌‌,PIT,6,11,3,6,1,0,1,1,1,2,0,2,.545,.583,.909,1.492
475PatrickP BaileyBaileyC475‌‌‌,SF,6,16,2,4,0,0,1,1,1,3,1,0,.250,.294,.438,.732
475DarrenD BakerBaker2B475‌‌‌,WSH,8,12,3,4,0,0,0,1,2,3,2,0,.333,.429,.333,.762
475BrooksR BaldwinBaldwin2B475‌‌‌,CWS,7,15,0,3,1,0,0,1,2,0,1,1,.200,.333,.267,.600
475TuckerT BarnhartBarnhartC475‌‌‌,TEX,7,18,3,7,1,0,0,1,1,3,0,0,.389,.421,.444,.865
475JorgeJ BarrosaBarrosaLF475‌‌‌,AZ,7,18,6,6,1,1,0,1,1,7,1,0,.333,.429,.500,.929
475OsleivisO BasabeBasabeSS475‌‌‌,SF,4,10,0,2,0,0,0,1,0,0,0,1,.200,.200,.200,.400
475MatthewM BattenBatten2B475‌‌‌,ATL,3,5,0,1,0,0,0,1,0,0,0,0,.200,.200,.200,.400
475LeonardoL BernalBernalC475‌‌‌,STL,5,8,0,2,0,0,0,1,0,1,0,0,.250,.250,.250,.500
475JacobJ BerryBerry1B475‌‌‌,MIA,7,9,0,1,0,0,0,1,1,3,0,0,.111,.200,.111,.311
475ChristianC BethancourtBethancourtC475‌‌‌,TOR,3,8,1,1,0,0,0,1,0,4,0,0,.125,.125,.125,.250
475CavanC BiggioBiggio2B475‌‌‌,KC,6,12,3,3,1,0,1,1,5,2,0,0,.250,.500,.583,1.083
475XanderX BogaertsBogaerts2B475‌‌‌,SD,7,12,0,2,0,0,0,1,2,5,0,0,.167,.286,.167,.453
475JackJ BranniganBranniganSS475‌‌‌,PIT,7,12,2,2,1,1,0,1,0,5,0,0,.167,.167,.417,.584
475JoshJ BreauxBreauxC475‌‌‌,PHI,3,5,1,2,0,0,1,1,0,2,0,0,.400,.400,1.000,1.400
475WillW BrennanBrennanRF475‌‌‌,CLE,7,16,2,5,1,0,0,1,1,1,1,0,.313,.389,.375,.764
475JuanJ BritoBritoSS475‌‌‌,CLE,7,16,1,1,0,0,1,1,2,7,0,0,.063,.167,.250,.417
475DasanD BrownBrownCF475‌‌‌,TOR,3,5,1,1,0,0,0,1,1,4,0,0,.200,.333,.200,.533
475BlakeB BurkeBurke1B475‌‌‌,MIL,2,4,0,2,1,0,0,1,0,1,0,0,.500,.500,.750,1.250
475JacobJ BurkeBurkeCF475‌‌‌,CWS,1,1,1,1,0,0,0,1,1,0,0,0,1.000,1.000,1.000,2.000
475AlecA BurlesonBurlesonRF475‌‌‌,STL,6,17,1,4,1,0,0,1,2,1,0,0,.235,.300,.294,.594
475ByronB BuxtonBuxtonCF475‌‌‌,MIN,5,10,3,5,1,0,1,1,3,1,2,0,.500,.615,.900,1.515
475RobertoR CamposCamposOF475‌‌‌,DET,4,7,1,2,1,0,0,1,1,3,0,0,.286,.375,.429,.804
475LuisL CampusanoCampusanoC475‌‌‌,SD,5,11,0,2,0,0,0,1,1,1,0,0,.182,.250,.182,.432
475AlexanderA CanarioCanarioLF475‌‌‌,NYM,4,10,0,1,0,0,0,1,2,4,0,0,.100,.250,.100,.350
475JeimerJ CandelarioCandelario3B475‌‌‌,CIN,5,11,1,3,1,0,0,1,2,2,0,1,.273,.385,.364,.749
475VictorV CaratiniCaratiniC475‌‌‌,HOU,5,11,3,3,0,0,1,1,2,1,0,0,.273,.385,.545,.930
475JulioJ CarrerasCarreras3B475‌‌‌,COL,5,5,1,1,0,0,0,1,2,2,0,0,.200,.429,.200,.629
475MarcosM CastañonCastañon2B475‌‌‌,SD,1,3,0,1,0,0,0,1,0,1,0,0,.333,.333,.333,.666
475NickN CastellanosCastellanosRF475‌‌‌,PHI,6,16,2,3,0,0,1,1,1,5,0,0,.188,.235,.375,.610
475LuisL CastilloCastilloRF475‌‌‌,MIL,1,1,0,1,0,1,0,1,0,0,0,0,1.000,1.000,3.000,4.000
475WilliW CastroCastroSS475‌‌‌,MIN,6,13,0,1,0,0,0,1,2,1,1,0,.077,.250,.077,.327
475GilbertoG CelestinoCelestinoOF475‌‌‌,NYM,2,4,1,3,1,0,0,1,0,0,0,0,.750,.750,1.000,1.750
475RubelR CespedesCespedes1B475‌‌‌,MIN,6,6,1,1,0,0,1,1,0,3,0,0,.167,.167,.667,.834
475JacksonJ ChourioChourioLF475‌‌‌,MIL,7,17,3,7,2,0,0,1,3,2,3,1,.412,.500,.529,1.029
475JakobJ ChristianChristian1B475‌‌‌,SF,1,1,0,0,0,0,0,1,0,1,0,0,.000,.500,.000,.500
475NathanN ChurchChurchLF475‌‌‌,STL,11,10,1,0,0,0,0,1,3,1,0,0,.000,.286,.000,.286
475CutterC CoffeyCoffey3B475‌‌‌,TOR,1,2,0,1,0,0,0,1,0,1,0,0,.500,.500,.500,1.000
475CamC CollierCollier3B475‌‌‌,CIN,8,8,1,1,1,0,0,1,3,3,0,0,.125,.364,.250,.614
475OscarO ColásColásRF475‌‌‌,CWS,9,15,2,4,2,0,0,1,1,7,0,1,.267,.313,.400,.713
475GriffinG ConineConineRF475‌‌‌,MIA,7,17,2,3,0,0,0,1,3,4,0,0,.176,.300,.176,.476
475GarrettG CooperCooper1B475‌‌‌,ATL,8,15,1,3,3,0,0,1,3,6,0,0,.200,.333,.400,.733
475JackJ CostelloCostello3B475‌‌‌,SD,1,1,0,1,0,0,0,1,0,0,0,0,1.000,1.000,1.000,2.000
475JacobJ CozartCozartC475‌‌‌,CLE,4,5,2,1,1,0,0,1,1,1,0,0,.200,.333,.400,.733
475J.P.J CrawfordCrawfordSS475‌‌‌,SEA,8,19,1,4,0,0,0,1,3,6,0,0,.211,.304,.211,.515
475JakeJ CronenworthCronenworth1B475‌‌‌,SD,7,13,0,2,0,0,0,1,1,3,0,0,.154,.214,.154,.368
475GavinG CrossCrossRF475‌‌‌,KC,6,6,3,2,0,0,0,1,3,3,3,1,.333,.556,.333,.889
475BoB DavidsonDavidsonLF475‌‌‌,SF,1,1,0,1,1,0,0,1,0,0,0,0,1.000,1.000,2.000,3.000
475HenryH DavisDavisC475‌‌‌,PIT,7,16,5,5,2,0,1,1,1,5,1,0,.313,.353,.625,.978
475DannyD De AndradeDe AndradeSS475‌‌‌,MIN,3,4,0,1,1,0,0,1,0,1,0,0,.250,.400,.500,.900
475BryanB De La CruzDe La CruzOF475‌‌‌,ATL,6,14,1,5,2,0,0,1,0,2,0,0,.357,.357,.500,.857
475LuisL De Los SantosDe Los Santos3B475‌‌‌,NYM,7,14,1,2,0,0,0,1,0,1,0,0,.143,.143,.143,.286
475JonnyJ DeLucaDeLucaRF475‌‌‌,TB,6,17,1,2,0,0,0,1,2,4,1,0,.118,.211,.118,.329
475TylerT DeardenDeardenLF475‌‌‌,MIN,2,4,1,2,0,0,0,1,0,1,0,0,.500,.500,.500,1.000
475BrendanB DonovanDonovanLF475‌‌‌,STL,7,18,1,3,0,1,0,1,1,3,0,0,.167,.211,.278,.489
475OliverO DunnDunn3B475‌‌‌,MIL,8,23,5,9,3,0,1,1,2,6,2,0,.391,.440,.652,1.092
475RodolfoR DuránDuránC475‌‌‌,SD,2,3,0,1,0,0,0,1,1,0,0,0,.333,.500,.333,.833
475YandyY DíazDíaz1B475‌‌‌,TB,5,13,0,2,0,0,0,1,1,1,0,0,.154,.214,.154,.368
475TimT ElkoElko1B475‌‌‌,CWS,7,8,2,1,0,0,1,1,4,4,0,0,.125,.462,.500,.962
475JoseJ EscobarEscobarSS475‌‌‌,CHC,3,3,0,1,0,0,0,1,2,1,0,0,.333,.600,.333,.933
475StuartS FairchildFairchildCF475‌‌‌,CIN,7,12,1,2,0,0,0,1,1,2,1,0,.167,.286,.167,.453
475TrentT FarquharFarquhar2B475‌‌‌,PHI,3,2,0,1,1,0,0,1,1,0,0,0,.500,.667,1.000,1.667
475PascanelP FerrerasFerreras2B475‌‌‌,HOU,4,6,0,0,0,0,0,1,0,2,0,0,.000,.000,.000,.000
475AlexA FreelandFreelandSS475‌‌‌,LAD,8,10,3,3,0,0,1,1,0,6,0,0,.300,.417,.600,1.017
475DayanD FriasFrias3B475‌‌‌,CLE,6,6,1,1,1,0,0,1,0,1,1,0,.167,.286,.333,.619
475TJT FriedlFriedlCF475‌‌‌,CIN,7,20,4,7,2,0,0,1,0,2,0,0,.350,.381,.450,.831
475JoeyJ GalloGallo1B475‌‌‌,CWS,7,17,1,2,0,0,0,1,0,9,0,0,.118,.118,.118,.236
475EduardoE GarciaGarciaOF475‌‌‌,MIL,4,4,1,0,0,0,0,1,0,2,1,0,.000,.000,.000,.000
475AdolisA GarcíaGarcíaRF475‌‌‌,TEX,8,19,2,6,1,0,0,1,2,4,0,0,.316,.381,.368,.749
475StoneS GarrettGarrettRF475‌‌‌,WSH,4,8,0,0,0,0,0,1,0,3,0,0,.000,.000,.000,.000
475AustinA GauthierGauthierSS475‌‌‌,LAD,10,12,1,1,0,0,0,1,5,4,0,1,.083,.353,.083,.436
475AngelA GenaoGenao3B475‌‌‌,CLE,3,5,1,2,0,0,0,1,1,2,0,0,.400,.500,.400,.900
475NickN GonzalesGonzales2B475‌‌‌,PIT,7,15,1,2,1,0,0,1,2,4,0,0,.133,.278,.200,.478
475JacobJ GonzalezGonzalezSS475‌‌‌,CWS,7,7,1,1,1,0,0,1,0,2,0,0,.143,.125,.286,.411
475RandalR GrichukGrichukRF475‌‌‌,AZ,6,15,1,3,0,0,1,1,1,5,0,0,.200,.250,.400,.650
475LuJamesL GrooverGroover3B475‌‌‌,AZ,10,12,1,1,0,0,1,1,0,3,0,0,.083,.083,.333,.416
475DenzerD GuzmanGuzmanSS475‌‌‌,LAA,10,9,2,1,0,1,0,1,6,3,0,0,.111,.467,.333,.800
475DarickD HallHall1B475‌‌‌,PIT,7,12,1,1,0,0,1,1,2,4,0,0,.083,.214,.333,.547
475ColbyC HalterHalter2B475‌‌‌,ATH,2,1,1,1,0,0,0,1,0,0,0,0,1.000,1.000,1.000,2.000
475QuincyQ HamiltonHamiltonCF475‌‌‌,HOU,8,18,3,5,1,0,0,1,3,5,0,1,.278,.381,.333,.714
475MitchM HanigerHanigerRF475‌‌‌,SEA,6,15,1,3,1,0,1,1,2,3,0,0,.200,.294,.467,.761
475IanI HappHappLF475‌‌‌,CHC,8,20,3,7,3,0,0,1,4,7,1,0,.350,.458,.500,.958
475Ke'BryanK HayesHayes3B475‌‌‌,PIT,7,16,1,4,0,0,0,1,2,3,1,0,.250,.333,.250,.583
475KyleK HayesHayesC475‌‌‌,KC,5,7,0,1,1,0,0,1,0,5,0,0,.143,.143,.286,.429
475MichaelM HelmanHelmanCF475‌‌‌,STL,8,10,1,0,0,0,0,1,0,4,0,0,.000,.214,.000,.214
475CristianC HernandezHernandezSS475‌‌‌,CHC,6,8,1,4,1,1,0,1,0,1,1,0,.500,.444,.875,1.319
475TeoscarT HernándezHernándezLF475‌‌‌,LAD,7,20,5,6,2,0,1,1,1,5,0,0,.300,.333,.550,.883
475JoseJ HerreraHerreraC475‌‌‌,AZ,5,13,1,5,1,0,0,1,1,1,0,0,.385,.429,.462,.891
475DerekD HillHillCF475‌‌‌,MIA,6,17,1,4,0,0,1,1,2,4,0,0,.235,.316,.412,.728
475ReceR HindsHindsRF475‌‌‌,CIN,7,14,3,3,0,2,0,1,1,6,0,1,.214,.267,.500,.767
475KestonK HiuraHiura2B475‌‌‌,COL,10,13,1,3,0,0,0,1,4,6,0,0,.231,.412,.231,.643
475BradyB HouseHouse3B475‌‌‌,WSH,10,15,2,6,1,0,0,1,2,1,1,0,.400,.471,.467,.938
475CarterC HowellHowellRF475‌‌‌,SF,4,4,1,1,0,0,0,1,0,1,0,0,.250,.250,.250,.500
475JacobJ HurtubiseHurtubiseLF475‌‌‌,CIN,9,12,4,7,2,1,0,1,3,2,4,1,.583,.688,.917,1.605
475RyanR IgnoffoIgnoffoC475‌‌‌,MIA,3,4,0,1,0,0,0,1,0,1,0,0,.250,.250,.250,.500
475JonathanJ IndiaIndia2B475‌‌‌,KC,7,19,3,6,1,0,0,1,2,2,0,1,.316,.417,.368,.785
475MikeM JarvisJarvis2B475‌‌‌,PIT,2,0,0,0,0,0,0,1,0,0,0,0,.000,.000,.000,.000
475CarterC JensenJensenC475‌‌‌,KC,8,13,2,1,0,0,1,1,4,4,1,0,.077,.294,.308,.602
475TermarrT JohnsonJohnson2B475‌‌‌,PIT,4,7,0,1,0,0,0,1,0,4,0,0,.143,.143,.143,.286
475BrendanB JonesJonesCF475‌‌‌,NYY,6,8,2,2,1,0,0,1,2,3,2,0,.250,.400,.375,.775
475DruwD JonesJonesCF475‌‌‌,AZ,2,3,1,2,1,0,0,1,1,0,0,0,.667,.750,1.000,1.750
475NolanN JonesJonesLF475‌‌‌,COL,9,24,2,3,0,0,0,1,2,6,0,0,.125,.192,.125,.317
475JoshJ JungJung3B475‌‌‌,TEX,9,22,4,5,1,0,1,1,3,4,0,0,.227,.320,.409,.729
475C.J.C KayfusKayfus1B475‌‌‌,CLE,7,8,3,2,0,0,1,1,2,1,0,0,.250,.400,.625,1.025
475JarredJ KelenicKelenicLF475‌‌‌,ATL,6,14,1,3,1,1,1,1,2,3,0,0,.214,.313,.643,.956
475OttoO KempKemp3B475‌‌‌,PHI,9,13,3,4,2,0,0,1,1,5,0,0,.308,.400,.462,.862
475GraeG KessingerKessinger3B475‌‌‌,AZ,7,13,3,3,1,0,0,1,0,6,0,0,.231,.267,.308,.575
475HyeseongH KimKim2B475‌‌‌,LAD,9,20,3,3,0,0,1,1,2,8,0,0,.150,.227,.300,.527
475IsiahI Kiner-FalefaKiner-Falefa2B475‌‌‌,PIT,7,15,0,4,1,0,0,1,3,2,0,1,.267,.389,.333,.722
475ScottS KingeryKingerySS475‌‌‌,LAA,10,21,3,4,1,0,0,1,2,8,0,0,.190,.292,.238,.530
475CooperC KinneyKinney2B475‌‌‌,TB,1,3,0,0,0,0,0,1,0,1,0,0,.000,.000,.000,.000
475RyanR KreidlerKreidlerSS475‌‌‌,DET,8,14,1,2,1,0,0,1,3,5,1,0,.143,.278,.214,.492
475JoeJ LampeLampeCF475‌‌‌,CLE,6,9,2,2,1,0,1,1,0,2,0,0,.222,.222,.667,.889
475SheaS LangeliersLangeliersC475‌‌‌,ATH,6,12,2,3,3,0,0,1,1,1,0,0,.250,.357,.500,.857
475BryanB LavastidaLavastidaC475‌‌‌,HOU,4,7,0,0,0,0,0,1,0,2,0,0,.000,.000,.000,.000
475PatrickP LeeLeeOF475‌‌‌,DET,4,4,1,1,0,1,0,1,2,2,0,0,.250,.500,.750,1.250
475EddysE LeonardLeonardSS475‌‌‌,DET,8,15,2,2,1,0,0,1,2,2,0,1,.133,.278,.200,.478
475RoyceR LewisLewis3B475‌‌‌,MIN,6,12,1,4,2,0,0,1,2,1,1,0,.333,.467,.500,.967
475TreyT LipscombLipscomb3B475‌‌‌,WSH,8,15,3,5,0,0,0,1,4,3,2,1,.333,.474,.333,.807
475BrandonB LockridgeLockridgeRF475‌‌‌,SD,7,16,2,4,0,1,0,1,2,2,3,2,.250,.333,.375,.708
475JoeyJ LoperfidoLoperfidoLF475‌‌‌,TOR,6,12,2,3,2,1,0,1,1,3,0,0,.250,.308,.583,.891
475AlejoA LopezLopez2B475‌‌‌,ATH,11,13,2,6,1,0,0,1,1,0,0,0,.462,.500,.538,1.038
475BrandonB LoweLowe2B475‌‌‌,TB,6,14,2,4,0,0,0,1,2,4,0,0,.286,.353,.286,.639
475JoshJ LoweLoweRF475‌‌‌,TB,7,18,2,4,1,0,0,1,2,3,0,0,.222,.300,.278,.578
475NathanielN LoweLowe1B475‌‌‌,WSH,7,17,3,2,1,0,0,1,5,7,0,0,.118,.318,.176,.494
475MarcoM LucianoLucianoOF475‌‌‌,SF,9,19,4,2,0,0,1,1,3,5,0,0,.105,.227,.263,.490
475AndyA LugoLugoIF475‌‌‌,BOS,3,4,1,1,1,0,0,1,0,0,0,0,.250,.250,.500,.750
475MatthewM LugoLugoLF475‌‌‌,LAA,11,26,5,9,2,1,0,1,1,6,1,0,.346,.393,.500,.893
475NathanN LukesLukesLF475‌‌‌,TOR,7,14,3,2,1,0,0,1,4,3,0,0,.143,.368,.214,.582
475DixonD MachadoMachadoSS475‌‌‌,CHC,10,11,5,5,0,0,0,1,3,2,2,0,.455,.571,.455,1.026
475JoeJ MackMackC475‌‌‌,MIA,6,9,2,3,1,0,0,1,1,2,0,0,.333,.400,.444,.844
475KevinK MaitanMaitan3B475‌‌‌,MIN,1,3,0,1,0,0,0,1,0,1,0,0,.333,.333,.333,.666
475JakeJ MangumMangumCF475‌‌‌,TB,7,10,2,4,1,0,0,1,1,1,0,2,.400,.455,.500,.955
475NathanN MartorellaMartorella1B475‌‌‌,MIA,6,10,0,1,1,0,0,1,0,4,0,0,.100,.100,.200,.300
475BriceB MatthewsMatthewsSS475‌‌‌,HOU,7,10,2,2,1,0,0,1,1,5,0,0,.200,.273,.300,.573
475KyleK McCannMcCannC475‌‌‌,ATH,6,7,1,2,0,0,0,1,1,2,0,0,.286,.444,.286,.730
475JakeJ McCarthyMcCarthyCF475‌‌‌,AZ,8,25,5,8,4,0,0,1,1,8,1,0,.320,.346,.480,.826
475AndrewA McCutchenMcCutchenRF475‌‌‌,PIT,5,7,0,2,0,0,0,1,5,1,0,0,.286,.643,.286,.929
475TylerT McDonoughMcDonoughOF475‌‌‌,BOS,4,2,1,0,0,0,0,1,1,0,0,0,.000,.400,.000,.400
475ReeseR McGuireMcGuireC475‌‌‌,CHC,6,8,0,1,0,0,0,1,0,0,0,0,.125,.125,.125,.250
475AaronA McKeithanMcKeithanC475‌‌‌,PIT,3,2,0,0,0,0,0,1,0,0,0,0,.000,.000,.000,.000
475WadeW MecklerMecklerOF475‌‌‌,SF,11,18,1,5,0,0,0,1,4,4,1,0,.278,.409,.278,.687
475ChaseC MeidrothMeidroth3B475‌‌‌,CWS,7,14,2,2,1,0,0,1,5,3,0,1,.143,.368,.214,.582
475JacobJ MeltonMeltonCF475‌‌‌,HOU,1,3,0,1,0,0,0,1,0,2,1,0,.333,.333,.333,.666
475ÓscarÓ MercadoMercadoRF475‌‌‌,PHI,7,13,3,3,1,0,1,1,1,3,2,0,.231,.333,.538,.871
475CodyC MilliganMilliganCF475‌‌‌,ATL,5,6,0,0,0,0,0,1,1,3,0,0,.000,.143,.000,.143
475JoseJ MirandaMiranda3B475‌‌‌,MIN,6,14,1,5,0,0,0,1,3,2,0,0,.357,.444,.357,.801
475CalC MitchellMitchell1B475‌‌‌,CWS,8,13,1,3,0,0,0,1,0,6,1,0,.231,.214,.231,.445
475CocoC MontesMontes2B475‌‌‌,TB,9,15,1,4,1,0,0,1,3,2,0,0,.267,.421,.333,.754
475BradenB MontgomeryMontgomeryOF475‌‌‌,CWS,7,5,2,2,0,0,0,1,3,3,0,0,.400,.625,.400,1.025
475RyanR MountcastleMountcastle1B475‌‌‌,BAL,6,14,4,5,0,0,0,1,2,4,0,0,.357,.412,.357,.769
475CedricC MullinsMullinsCF475‌‌‌,BAL,6,16,2,2,0,0,0,1,1,5,0,0,.125,.222,.125,.347
475MaxM MuncyMuncySS475‌‌‌,ATH,9,15,2,3,0,0,1,1,1,3,0,0,.200,.294,.400,.694
475IsmaelI MunguiaMunguiaOF475‌‌‌,NYY,7,12,0,5,0,1,0,1,0,0,0,0,.417,.417,.583,1.000
475TannerT MurrayMurray2B475‌‌‌,TB,7,10,2,2,1,0,1,1,0,2,0,0,.200,.273,.600,.873
475OmarO NarváezNarváezC475‌‌‌,CWS,5,9,0,2,0,0,0,1,4,3,0,0,.222,.500,.222,.722
475KevinK NewmanNewmanSS475‌‌‌,LAA,7,13,1,3,0,0,0,1,1,2,1,0,.231,.333,.231,.564
475RyanR NodaNoda1B475‌‌‌,LAA,11,16,3,4,3,0,1,1,7,8,0,0,.250,.500,.625,1.125
475JhonkensyJ NoelNoelRF475‌‌‌,CLE,7,17,1,4,0,0,1,1,0,7,0,1,.235,.235,.412,.647
475NasimN NuñezNuñezSS475‌‌‌,WSH,8,13,6,5,1,0,0,1,2,1,5,0,.385,.500,.462,.962
475JordanJ NwoguNwoguLF475‌‌‌,CHC,2,3,0,1,0,0,0,1,0,1,0,0,.333,.333,.333,.666
475KeshawnK OgansOgans3B475‌‌‌,ATL,4,3,0,1,0,0,0,1,1,2,0,0,.333,.500,.333,.833
475ShoheiS OhtaniOhtaniTWP475‌‌‌,LAD,4,12,2,5,1,0,1,1,0,2,0,0,.417,.417,.750,1.167
475JaredJ OlivaOlivaRF475‌‌‌,MIL,10,17,2,2,0,0,1,1,1,7,1,0,.118,.167,.294,.461
475CristianC PachePacheOF475‌‌‌,AZ,9,12,1,3,0,0,0,1,2,4,0,1,.250,.357,.250,.607
475SpencerS PackardPackardLF475‌‌‌,SEA,4,3,1,1,0,0,0,1,2,1,0,0,.333,.600,.333,.933
475EzequielE PaganPaganOF475‌‌‌,LAD,2,2,0,1,0,0,0,1,0,0,0,0,.500,.500,.500,1.000
475PedroP PagésPagésC475‌‌‌,STL,6,13,1,2,1,0,0,1,2,3,0,0,.154,.267,.231,.498
475MiguelM PalmaPalmaC475‌‌‌,HOU,4,7,1,2,1,0,0,1,2,1,0,0,.286,.444,.429,.873
475DamianoD PalmegianiPalmegiani1B475‌‌‌,TOR,1,2,0,1,1,0,0,1,0,0,0,0,.500,.500,1.000,1.500
475GrahamG PauleyPauley3B475‌‌‌,MIA,6,13,1,1,0,0,0,1,1,6,0,0,.077,.143,.077,.220
475TaiT PeetePeete3B475‌‌‌,SEA,3,5,2,1,0,0,0,1,2,3,1,0,.200,.429,.200,.629
475LioverL PegueroPegueroSS475‌‌‌,PIT,7,9,1,1,0,0,1,1,0,3,0,0,.111,.111,.444,.555
475OswaldO PerazaPeraza3B475‌‌‌,NYY,7,16,3,4,0,0,0,1,2,3,0,0,.250,.333,.250,.583
475GeraldoG PerdomoPerdomoSS475‌‌‌,AZ,8,20,6,6,2,0,1,1,2,4,0,0,.300,.391,.550,.941
475JhonnyJ PeredaPeredaC475‌‌‌,ATH,5,10,1,3,0,0,0,1,2,0,0,0,.300,.417,.300,.717
475EversonE PereiraPereiraCF475‌‌‌,NYY,6,14,5,5,0,0,1,1,2,5,1,0,.357,.471,.571,1.042
475YonathanY PerlazaPerlazaLF475‌‌‌,SD,10,12,1,2,0,0,0,1,2,4,0,0,.167,.286,.167,.453
475TristanT PetersPetersLF475‌‌‌,TB,8,16,3,7,0,0,1,1,1,1,0,1,.438,.471,.625,1.096
475JackJ PinedaPinedaSS475‌‌‌,KC,6,5,1,2,0,1,0,1,0,0,0,1,.400,.400,.800,1.200
475RenéR PintoPintoC475‌‌‌,AZ,5,8,2,3,2,0,0,1,0,1,0,0,.375,.375,.625,1.000
475JaksonJ ReetzReetzC475‌‌‌,NYM,6,10,3,1,0,0,0,1,1,2,0,0,.100,.250,.100,.350
475HunterH RenfroeRenfroeRF475‌‌‌,KC,4,7,1,1,1,0,0,1,2,2,0,0,.143,.400,.286,.686
475RyanR RitterRitterSS475‌‌‌,COL,7,6,2,1,0,0,0,1,1,3,0,0,.167,.286,.167,.453
475LeoL RivasRivasSS475‌‌‌,SEA,3,3,0,1,0,0,0,1,2,1,0,0,.333,.500,.333,.833
475KaiK RobertsRobertsCF475‌‌‌,SD,1,2,1,1,0,0,0,1,0,1,0,0,.500,.500,.500,1.000
475TylerT RobertsonRobertsonLF475‌‌‌,SD,4,4,0,1,0,0,0,1,0,2,0,0,.250,.250,.250,.500
475ChuckieC RobinsonRobinsonC475‌‌‌,LAA,8,11,1,1,0,0,0,1,2,1,0,0,.091,.231,.091,.322
475BrendanB RodgersRodgers2B475‌‌‌,HOU,5,13,1,3,1,0,0,1,1,4,0,0,.231,.286,.308,.594
475Carlos D.C RodriguezRodriguezRF475‌‌‌,ATL,9,15,2,4,1,0,0,1,2,2,1,0,.267,.353,.333,.686
475JesusJ RodriguezRodriguezC475‌‌‌,NYY,6,8,2,4,0,1,0,1,1,0,1,0,.500,.556,.750,1.306
475JakeJ RogersRogersC475‌‌‌,DET,5,12,2,3,0,0,1,1,0,5,0,0,.250,.250,.500,.750
475BenB RortvedtRortvedtC475‌‌‌,TB,5,12,0,1,0,0,0,1,0,4,0,0,.083,.083,.083,.166
475Kala'iK RosarioRosarioRF475‌‌‌,MIN,5,6,1,1,1,0,0,1,1,3,0,0,.167,.250,.333,.583
475JorgeJ RuizRuizOF475‌‌‌,LAA,1,1,0,1,1,0,0,1,0,0,0,0,1.000,1.000,2.000,3.000
475EthanE SalasSalasC475‌‌‌,SD,7,8,2,1,1,0,0,1,5,2,0,0,.125,.462,.250,.712
475JavierJ SanojaSanoja2B475‌‌‌,MIA,6,12,1,4,1,0,0,1,1,0,0,0,.333,.385,.417,.802
475KyleK SchwarberSchwarberDH475‌‌‌,PHI,6,16,0,2,0,0,0,1,2,7,0,0,.125,.222,.125,.347
475JaredJ SernaSernaSS475‌‌‌,MIA,6,7,3,4,0,0,1,1,3,0,1,0,.571,.700,1.000,1.700
475DannyD SerrettiSerretti3B475‌‌‌,DET,3,4,0,1,0,0,0,1,0,2,0,0,.250,.250,.250,.500
475ColbyC ShadeShadeOF475‌‌‌,MIA,4,5,1,3,1,0,0,1,0,1,0,0,.600,.600,.800,1.400
475MattM ShawShaw2B475‌‌‌,CHC,3,9,0,2,0,0,0,1,0,1,0,0,.222,.222,.222,.444
475MichaelM SianiSianiCF475‌‌‌,STL,7,18,0,1,0,0,0,1,3,6,0,0,.056,.190,.056,.246
475JonJ SingletonSingleton1B475‌‌‌,HOU,8,19,1,3,0,0,0,1,2,5,0,0,.158,.238,.158,.396
475AustinA SlaterSlaterRF475‌‌‌,CWS,4,9,2,0,0,0,0,1,2,5,0,0,.000,.167,.000,.167
475AidanA SmithSmithOF475‌‌‌,TB,2,3,0,1,0,0,0,1,0,1,0,0,.333,.333,.333,.666
475WillW SmithSmithC475‌‌‌,LAD,4,9,1,2,1,0,1,1,1,3,0,0,.222,.364,.667,1.031
475TylerT SoderstromSoderstrom1B475‌‌‌,ATH,7,18,2,2,0,0,0,1,2,3,0,0,.111,.200,.111,.311
475MaxM StassiStassiC475‌‌‌,SF,5,8,0,1,0,0,0,1,1,5,0,0,.125,.222,.125,.347
475SalS StewartStewart3B475‌‌‌,CIN,9,15,2,3,1,0,1,1,4,3,0,0,.200,.368,.467,.835
475BrysonB StottStott2B475‌‌‌,PHI,6,12,2,2,0,0,0,1,4,2,0,0,.167,.375,.167,.542
475KyleK StowersStowersLF475‌‌‌,MIA,6,12,0,2,0,0,0,1,4,7,0,0,.167,.375,.167,.542
475GarrettG StubbsStubbsC475‌‌‌,PHI,5,10,2,3,0,0,0,1,1,2,0,0,.300,.417,.300,.717
475AdriánA SugasteySugasteyC475‌‌‌,SF,5,7,1,1,0,0,0,1,0,0,0,0,.143,.143,.143,.286
475DanielD SusacSusacC475‌‌‌,ATH,4,4,0,0,0,0,0,1,0,0,0,0,.000,.000,.000,.000
475TravisT SwaggertySwaggertyLF475‌‌‌,NYM,4,4,0,1,0,0,0,1,1,1,1,0,.250,.400,.250,.650
475DansbyD SwansonSwansonSS475‌‌‌,CHC,8,19,4,4,2,0,0,1,3,2,1,1,.211,.348,.316,.664
475TreyT SweeneySweeneySS475‌‌‌,DET,7,18,3,4,1,0,1,1,2,5,0,0,.222,.300,.444,.744
475JesúsJ SánchezSánchezRF475‌‌‌,MIA,6,16,0,2,1,0,0,1,1,7,0,0,.125,.167,.188,.355
475TimT TawaTawa2B475‌‌‌,AZ,9,10,3,2,1,0,0,1,3,3,0,0,.200,.385,.300,.685
475BraydenB TaylorTaylor3B475‌‌‌,TB,8,10,1,2,1,0,0,1,1,3,0,0,.200,.250,.300,.550
475TyroneT TaylorTaylorRF475‌‌‌,NYM,5,11,1,2,1,0,0,1,2,1,0,0,.182,.357,.273,.630
475RowdyR TellezTellez1B475‌‌‌,SEA,7,18,3,4,1,0,1,1,1,4,0,0,.222,.263,.444,.707
475JoséJ TenaTena3B475‌‌‌,WSH,7,21,3,3,0,0,0,1,2,5,0,0,.143,.217,.143,.360
475ColbyC ThomasThomasRF475‌‌‌,ATH,10,8,2,1,1,0,0,1,4,1,1,0,.125,.500,.250,.750
475SterlinS ThompsonThompsonLF475‌‌‌,COL,8,9,1,3,1,0,0,1,0,5,0,0,.333,.333,.444,.777
475EzequielE TovarTovarSS475‌‌‌,COL,8,17,4,4,3,0,0,1,4,6,0,0,.235,.409,.412,.821
475AlanA TrejoTrejo2B475‌‌‌,TEX,10,15,2,3,2,0,0,1,1,6,0,0,.200,.294,.333,.627
475JoseJ TrevinoTrevinoC475‌‌‌,CIN,6,15,0,3,1,0,0,1,0,3,0,0,.200,.200,.267,.467
475FenwickF TrimbleTrimbleSS475‌‌‌,MIA,1,1,0,1,0,0,0,1,0,0,0,0,1.000,1.000,1.000,2.000
475KyleK TuckerTuckerRF475‌‌‌,CHC,7,17,0,0,0,0,0,1,3,7,0,0,.000,.143,.000,.143
475GioG UrshelaUrshela3B475‌‌‌,ATH,5,13,1,3,2,0,0,1,1,5,0,0,.231,.286,.385,.671
475WillyW VasquezVasquez3B475‌‌‌,TB,4,4,1,1,1,0,0,1,0,1,0,0,.250,.400,.500,.900
475AndrewA VaughnVaughn1B475‌‌‌,CWS,5,14,0,4,1,0,0,1,0,1,0,0,.286,.286,.357,.643
475JavierJ VazVaz2B475‌‌‌,KC,4,7,2,2,0,0,0,1,1,1,0,0,.286,.375,.286,.661
475WillW VerdungVerdung2B475‌‌‌,ATL,2,2,0,2,0,0,0,1,1,0,0,0,1.000,1.000,1.000,2.000
475MarkM VientosVientos3B475‌‌‌,NYM,6,17,1,5,0,0,0,1,0,1,0,0,.294,.333,.294,.627
475JorbitJ VivasVivas2B475‌‌‌,NYY,1,3,2,1,0,0,0,1,0,1,0,0,.333,.333,.333,.666
475JakeJ VogelVogelCF475‌‌‌,LAD,3,4,2,2,1,0,0,1,0,0,1,0,.500,.500,.750,1.250
475A.J.A VukovichVukovichCF475‌‌‌,AZ,10,15,2,3,1,0,1,1,1,3,0,0,.200,.250,.467,.717
475EricE WagamanWagaman3B475‌‌‌,MIA,5,14,1,3,0,0,0,1,1,4,0,0,.214,.267,.214,.481
475WillW WagnerWagner2B475‌‌‌,TOR,4,11,0,2,1,0,0,1,0,3,0,0,.182,.182,.273,.455
475ChadC WallachWallachC475‌‌‌,TEX,5,7,2,2,1,0,1,1,0,2,0,0,.286,.286,.857,1.143
475TaylorT WallsWallsSS475‌‌‌,TB,5,12,1,4,0,0,0,1,2,3,1,0,.333,.429,.333,.762
475DonovanD WaltonWalton2B475‌‌‌,NYM,7,17,0,3,1,0,0,1,0,2,0,0,.176,.176,.235,.411
475TaylorT WardWardLF475‌‌‌,LAA,5,11,1,4,2,0,0,1,1,4,0,0,.364,.417,.545,.962
475JamieJ WestbrookWestbrook2B475‌‌‌,TB,6,8,0,3,1,0,0,1,3,0,0,0,.375,.545,.500,1.045
475JacobJ WetzelWetzelRF475‌‌‌,TOR,2,2,0,0,0,0,0,1,0,1,0,0,.000,.000,.000,.000
475MattM WhatleyWhatleyC475‌‌‌,TOR,4,6,2,2,0,0,0,1,0,1,0,0,.333,.429,.333,.762
475EliE WhiteWhiteLF475‌‌‌,ATL,7,11,2,6,0,0,1,1,1,2,0,1,.545,.615,.818,1.433
475AlikaA WilliamsWilliams2B475‌‌‌,PIT,9,14,2,4,1,0,0,1,0,3,0,0,.286,.333,.357,.690
475ChrisC WilliamsWilliamsC475‌‌‌,NYM,6,11,4,3,1,0,1,1,0,5,0,0,.273,.273,.636,.909
475JettJ WilliamsWilliamsSS475‌‌‌,NYM,7,11,1,2,0,0,0,1,4,3,0,0,.182,.400,.182,.582
475LukeL WilliamsWilliamsLF475‌‌‌,ATL,7,15,2,1,0,0,1,1,1,4,1,0,.067,.125,.267,.392
475BrettB WiselyWisely2B475‌‌‌,SF,9,17,1,6,2,0,0,1,1,5,0,1,.353,.389,.471,.860
475BobbyB Witt Jr.WittSS475‌‌‌,KC,7,20,4,6,2,0,1,1,2,5,0,0,.300,.364,.550,.914
475ConnorC WongWongC475‌‌‌,BOS,3,6,2,1,0,0,1,1,1,3,0,0,.167,.286,.667,.953
475JamesJ WoodWoodLF475‌‌‌,WSH,3,9,2,3,0,0,1,1,1,2,0,0,.333,.400,.667,1.067
475R.J.R YeagerYeager1B475‌‌‌,STL,10,11,5,2,0,0,1,1,1,4,0,0,.182,.250,.455,.705
475NickN YorkeYorke2B475‌‌‌,PIT,8,18,3,4,2,0,0,1,4,6,0,0,.222,.348,.333,.681
475ColeC YoungYoungSS475‌‌‌,SEA,9,13,2,3,1,0,0,1,0,3,0,0,.231,.231,.308,.539
475JaredJ YoungYoung1B475‌‌‌,NYM,8,15,1,3,0,0,0,1,3,4,0,0,.200,.368,.200,.568
475SebyS ZavalaZavalaC475‌‌‌,BOS,5,10,0,1,1,0,0,1,1,6,0,0,.100,.182,.200,.382
475TravisT d'Arnaudd'ArnaudC475‌‌‌,LAA,5,8,3,2,1,0,1,1,1,3,0,0,.250,.400,.750,1.150
751FranciscoF AcunaAcuna3B751‌‌‌,SD,2,1,1,0,0,0,0,0,0,1,0,0,.000,.000,.000,.000
751LukeL AdamsAdams3B751‌‌‌,MIL,4,4,0,1,0,0,0,0,0,1,0,0,.250,.400,.250,.650
751JonahJ AdvinculaAdvinculaRF751‌‌‌,CLE,1,1,1,0,0,0,0,0,1,1,0,0,.000,.500,.000,.500
751ZachZ AgnosAgnosP751‌‌‌,COL,1,0,0,0,0,0,0,0,0,0,0,0,.000,.000,.000,.000
751TaylerT AguilarAguilarOF751‌‌‌,COL,1,1,0,0,0,0,0,0,0,0,0,0,.000,.000,.000,.000
751OzzieO AlbiesAlbies2B751‌‌‌,ATL,5,12,0,1,0,0,0,0,2,4,0,0,.083,.214,.083,.297
751MarvinM AlcantaraAlcantaraSS751‌‌‌,BOS,3,3,0,0,0,0,0,0,1,0,0,0,.000,.250,.000,.250
751KempK AldermanAldermanRF751‌‌‌,MIA,4,3,0,1,1,0,0,0,0,1,0,0,.333,.333,.667,1.000
751CarterC AldreteAldrete3B751‌‌‌,ATH,2,3,0,0,0,0,0,0,0,2,0,0,.000,.000,.000,.000
751BlazeB AlexanderAlexanderSS751‌‌‌,AZ,2,2,1,0,0,0,0,0,1,0,0,0,.000,.333,.000,.333
751PabloP AliendoAliendoC751‌‌‌,CHC,4,7,0,1,0,0,0,0,0,4,0,1,.143,.143,.143,.286
751BradyB AllenAllenRF751‌‌‌,DET,1,1,0,0,0,0,0,0,0,1,0,0,.000,.000,.000,.000
751ArielA AlmonteAlmonteRF751‌‌‌,CIN,2,2,1,0,0,0,0,0,0,1,0,0,.000,.000,.000,.000
751AlbertA AlmoraAlmoraOF751‌‌‌,MIA,6,12,0,1,0,0,0,0,0,1,0,0,.083,.083,.083,.166
751ArmandoA AlvarezAlvarez3B751‌‌‌,MIN,8,11,1,0,0,0,0,0,2,5,0,0,.000,.154,.000,.154
751EddyE AlvarezAlvarez2B751‌‌‌,ATL,6,11,0,1,0,0,0,0,0,6,0,0,.091,.091,.091,.182
751NachoN Alvarez Jr.AlvarezSS751‌‌‌,ATL,3,6,0,0,0,0,0,0,1,2,0,0,.000,.143,.000,.143
751YordanY AlvarezAlvarezLF751‌‌‌,HOU,4,12,0,1,0,0,0,0,0,4,0,0,.083,.083,.083,.166
751JacobJ AmayaAmayaSS751‌‌‌,CWS,7,14,2,1,0,0,0,0,2,7,0,0,.071,.188,.071,.259
751JakeJ AnchiaAnchiaC751‌‌‌,CLE,4,5,0,0,0,0,0,0,0,2,0,0,.000,.000,.000,.000
751MaxM AndersonAnderson2B751‌‌‌,DET,1,1,0,0,0,0,0,0,0,1,0,0,.000,.000,.000,.000
751KeatonK AnthonyAnthony1B751‌‌‌,PHI,3,3,0,1,0,0,0,0,0,1,0,0,.333,.333,.333,.666
751OrlandoO ArciaArciaSS751‌‌‌,ATL,7,12,0,1,0,0,0,0,2,1,0,0,.083,.214,.083,.297
751SilasS ArdoinArdoinC751‌‌‌,BAL,4,2,1,1,0,0,0,0,0,1,0,0,.500,.500,.500,1.000
751JadherJ AreinamoAreinamo2B751‌‌‌,MIL,4,4,0,0,0,0,0,0,0,1,0,0,.000,.000,.000,.000
751RaynerR AriasAriasCF751‌‌‌,SF,1,0,1,0,0,0,0,0,0,0,0,0,.000,.000,.000,.000
751RoderickR AriasAriasSS751‌‌‌,NYY,5,7,1,3,1,0,0,0,0,3,0,0,.429,.429,.571,1.000
751VictorV AriasAriasLF751‌‌‌,TOR,2,3,0,0,0,0,0,0,0,0,0,0,.000,.000,.000,.000
751ArielA ArmasArmasC751‌‌‌,CHC,1,1,0,0,0,0,0,0,0,0,0,0,.000,.000,.000,.000
751AeversonA ArteagaArteagaSS751‌‌‌,SF,2,2,0,0,0,0,0,0,0,1,0,0,.000,.000,.000,.000
751DrewD AvansAvansCF751‌‌‌,ATH,10,13,4,4,3,0,0,0,2,4,0,0,.308,.438,.538,.976
751JoshuaJ BaezBaezRF751‌‌‌,STL,1,0,0,0,0,0,0,0,0,0,0,0,.000,.000,.000,.000
751JuanJ BaezBaez3B751‌‌‌,MIL,3,4,0,0,0,0,0,0,0,1,0,0,.000,.000,.000,.000
751LuisL BaezBaezRF751‌‌‌,HOU,3,3,0,0,0,0,0,0,1,2,0,0,.000,.250,.000,.250
751DruD BakerBakerCF751‌‌‌,TB,1,1,0,0,0,0,0,0,1,0,0,0,.000,.500,.000,.500
751LeoL BalcazarBalcazarSS751‌‌‌,CIN,3,2,0,1,0,0,0,0,0,0,0,0,.500,.500,.500,1.000
751ScottS BanduraBanduraLF751‌‌‌,SF,3,1,2,1,1,0,0,0,2,0,1,0,1.000,1.000,2.000,3.000
751ColinC BarberBarberLF751‌‌‌,HOU,4,5,1,1,1,0,0,0,1,1,0,0,.200,.333,.400,.733
751AddisonA BargerBarger3B751‌‌‌,TOR,6,12,1,2,0,0,0,0,2,6,1,0,.167,.286,.167,.453
751BostonB BaroBaro2B751‌‌‌,NYM,1,2,0,0,0,0,0,0,0,1,0,0,.000,.000,.000,.000
751FranklinF BarretoBarretoLF751‌‌‌,BAL,7,8,2,0,0,0,0,0,0,6,0,0,.000,.000,.000,.000
751JesúsJ BastidasBastidasSS751‌‌‌,HOU,7,6,1,0,0,0,0,0,3,2,0,1,.000,.400,.000,.400
751JalenJ BattlesBattlesSS751‌‌‌,TB,1,0,0,0,0,0,0,0,1,0,0,0,.000,1.000,.000,1.000
751DavidD BañuelosBañuelosC751‌‌‌,BAL,5,7,0,0,0,0,0,0,0,3,0,0,.000,.000,.000,.000
751FrederickF BencosmeBencosmeSS751‌‌‌,BAL,1,1,0,0,0,0,0,0,0,0,0,0,.000,.000,.000,.000
751AndrewA BenintendiBenintendiLF751‌‌‌,CWS,3,5,0,0,0,0,0,0,0,2,0,0,.000,.167,.000,.167
751WilliamW BergollaBergolla2B751‌‌‌,CWS,4,5,1,1,0,0,0,0,0,0,0,0,.200,.200,.200,.400
751VictorV BericotoBericotoRF751‌‌‌,SF,3,5,0,0,0,0,0,0,0,1,0,0,.000,.000,.000,.000
751JonJ BertiBerti3B751‌‌‌,CHC,7,15,4,3,0,0,0,0,5,2,0,0,.200,.400,.200,.600
751JayJ BeshearsBeshears1B751‌‌‌,MIA,3,3,0,0,0,0,0,0,1,1,0,0,.000,.250,.000,.250
751HunterH BishopBishopOF751‌‌‌,SF,3,3,1,0,0,0,0,0,0,2,0,0,.000,.250,.000,.250
751EricE BitontiBitonti3B751‌‌‌,MIL,2,4,0,1,0,0,0,0,0,3,0,0,.250,.250,.250,.500
751TylerT BlackBlack3B751‌‌‌,MIL,3,9,1,1,0,0,0,0,1,0,0,0,.111,.273,.111,.384
751DaironD BlancoBlancoLF751‌‌‌,KC,2,2,1,1,0,0,0,0,1,0,0,0,.500,.667,.500,1.167
751MiguelM BleisBleisRF751‌‌‌,BOS,2,4,0,1,0,0,0,0,0,2,0,1,.250,.250,.250,.500
751JaceJ BohrofenBohrofenRF751‌‌‌,TOR,1,1,0,0,0,0,0,0,0,1,0,0,.000,.000,.000,.000
751HenryH BolteBolteRF751‌‌‌,ATH,5,7,2,0,0,0,0,0,0,5,0,0,.000,.000,.000,.000
751TrevorT BooneBooneOF751‌‌‌,COL,1,0,0,0,0,0,0,0,0,0,0,0,.000,.000,.000,.000
751JaseJ BowenBowenCF751‌‌‌,PIT,1,1,0,0,0,0,0,0,0,1,0,0,.000,.000,.000,.000
751JustinJ BoydBoydRF751‌‌‌,CLE,3,5,0,1,1,0,0,0,2,2,0,0,.200,.429,.400,.829
751IvanI BrethowrBrethowrRF751‌‌‌,CHC,6,7,0,1,0,0,0,0,0,4,0,1,.143,.143,.143,.286
751JonahJ BrideBride1B751‌‌‌,MIA,6,14,0,2,0,1,0,0,3,2,0,0,.143,.294,.286,.580
751ErickE BritoBritoSS751‌‌‌,PHI,1,1,0,0,0,0,0,0,0,0,0,0,.000,.000,.000,.000
751RobertR BrooksBrooksC751‌‌‌,TOR,1,0,1,0,0,0,0,0,1,0,0,0,.000,1.000,.000,1.000
751MikeM BrosseauBrosseau3B751‌‌‌,SD,10,21,1,5,2,0,0,0,0,5,0,0,.238,.238,.333,.571
751CanyonC BrownBrownC751‌‌‌,KC,1,1,0,0,0,0,0,0,0,0,0,0,.000,.000,.000,.000
751EricE Brown Jr.BrownSS751‌‌‌,MIL,2,1,0,0,0,0,0,0,0,0,0,0,.000,.500,.000,.500
751SamS BrownBrown1B751‌‌‌,LAA,3,4,0,1,0,0,0,0,0,0,0,0,.250,.250,.250,.500
751ConnorC BurnsBurnsC751‌‌‌,CIN,1,0,0,0,0,0,0,0,1,0,0,0,.000,1.000,.000,1.000
751WillW BushBushC751‌‌‌,HOU,1,1,0,0,0,0,0,0,0,1,0,0,.000,.000,.000,.000
751BrandonB ButterworthButterworthSS751‌‌‌,SD,6,3,1,0,0,0,0,0,1,0,1,0,.000,.250,.000,.250
751JoséJ CaballeroCaballeroSS751‌‌‌,TB,6,14,0,1,0,0,0,0,0,5,0,0,.071,.071,.071,.142
751RicardoR CabreraCabreraSS751‌‌‌,CIN,3,4,0,0,0,0,0,0,0,3,0,0,.000,.000,.000,.000
751DavidD CalabreseCalabreseCF751‌‌‌,LAA,1,1,0,0,0,0,0,0,0,1,0,0,.000,.000,.000,.000
751SladeS CaldwellCaldwellOF751‌‌‌,AZ,1,1,0,0,0,0,0,0,0,1,0,0,.000,.000,.000,.000
751CalebC CaliCali3B751‌‌‌,SEA,1,1,0,0,0,0,0,0,0,1,0,0,.000,.000,.000,.000
751AustinA CallahanCallahan3B751‌‌‌,CIN,3,2,2,1,1,0,0,0,1,0,2,0,.500,.667,1.000,1.667
751JairJ CamargoCamargoC751‌‌‌,MIN,2,5,0,1,0,0,0,0,0,3,0,0,.200,.200,.200,.400
751MarioM CamillettiCamillettiLF751‌‌‌,CWS,2,2,0,1,1,0,0,0,0,0,0,0,.500,.500,1.000,1.500
751KristianK CampbellCampbellOF751‌‌‌,BOS,9,21,3,2,0,0,0,0,4,9,0,0,.095,.240,.095,.335
751MarkM CanhaCanha1B751‌‌‌,MIL,3,6,2,0,0,0,0,0,3,1,0,0,.000,.400,.000,.400
751HaydenH CantrelleCantrelle2B751‌‌‌,CHC,5,5,0,0,0,0,0,0,2,2,1,0,.000,.286,.000,.286
751JoshJ CaronCaronC751‌‌‌,SEA,4,3,0,0,0,0,0,0,1,1,0,0,.000,.250,.000,.250
751DiegoD CartayaCartayaC751‌‌‌,MIN,6,6,1,1,1,0,0,0,1,5,0,0,.167,.286,.333,.619
751EvanE CarterCarterLF751‌‌‌,TEX,6,15,0,3,2,0,0,0,1,5,0,0,.200,.250,.333,.583
751CurtC CasaliCasaliC751‌‌‌,ATL,4,8,0,0,0,0,0,0,0,5,0,0,.000,.111,.000,.111
751TristonT CasasCasas1B751‌‌‌,BOS,5,11,2,1,1,0,0,0,4,5,0,0,.091,.333,.182,.515
751DiegoD CastilloCastilloP751‌‌‌,COL,1,0,0,0,0,0,0,0,0,0,0,0,.000,.000,.000,.000
751JacksonJ CastilloCastilloRF751‌‌‌,NYY,5,6,2,1,0,0,0,0,2,2,0,0,.167,.375,.167,.542
751RodolfoR CastroCastroSS751‌‌‌,PHI,8,15,1,0,0,0,0,0,3,3,0,0,.000,.167,.000,.167
751SabinS CeballosCeballos3B751‌‌‌,SF,6,5,0,3,0,0,0,0,3,1,0,0,.600,.750,.600,1.350
751AngelA CepedaCepedaSS751‌‌‌,CHC,2,3,1,1,0,0,0,0,0,0,1,0,.333,.333,.333,.666
751ChristianC CerdaCerdaC751‌‌‌,AZ,5,4,1,2,1,0,0,0,1,0,0,0,.500,.600,.750,1.350
751LoganL CernyCernyCF751‌‌‌,HOU,4,4,0,0,0,0,0,0,0,2,0,0,.000,.000,.000,.000
751JuanJ ChaconChaconRF751‌‌‌,BOS,1,2,0,0,0,0,0,0,0,2,0,0,.000,.000,.000,.000
751AustinA CharlesCharles3B751‌‌‌,KC,1,1,0,1,1,0,0,0,0,0,0,0,1.000,1.000,2.000,3.000
751ConnorC CharpingCharpingC751‌‌‌,SEA,2,2,0,0,0,0,0,0,0,1,0,0,.000,.000,.000,.000
751FrainyerF ChavezChavez2B751‌‌‌,TEX,1,0,1,0,0,0,0,0,0,0,0,0,.000,.000,.000,.000
751MichaelM ChavisChavis2B751‌‌‌,LAD,2,4,0,0,0,0,0,0,0,1,0,0,.000,.000,.000,.000
751LuisL ChevalierChevalier3B751‌‌‌,CIN,1,0,0,0,0,0,0,0,0,0,0,0,.000,.000,.000,.000
751JazzJ Chisholm Jr.Chisholm3B751‌‌‌,NYY,7,16,4,2,0,0,0,0,4,6,0,0,.125,.300,.125,.425
751JaisonJ ChourioChourioCF751‌‌‌,CLE,5,6,0,0,0,0,0,0,1,1,0,0,.000,.143,.000,.143
751DenzelD ClarkeClarkeCF751‌‌‌,ATH,8,13,2,2,0,0,0,0,2,7,0,0,.154,.267,.154,.421
751PhilP ClarkeClarkeC751‌‌‌,TOR,1,1,0,0,0,0,0,0,0,0,0,0,.000,.000,.000,.000
751WesW ClarkeClarkeC751‌‌‌,MIL,2,2,0,0,0,0,0,0,0,1,0,0,.000,.000,.000,.000
751JonatanJ ClaseClaseLF751‌‌‌,TOR,4,6,0,0,0,0,0,0,2,3,0,0,.000,.250,.000,.250
751PatrickP ClohisyClohisyCF751‌‌‌,ATL,3,2,1,0,0,0,0,0,0,2,0,0,.000,.333,.000,.333
751GavinG CollinsCollinsC751‌‌‌,STL,1,1,0,0,0,0,0,0,0,0,0,0,.000,.000,.000,.000
751YerlinY ConfidanConfidanLF751‌‌‌,CIN,1,1,0,0,0,0,0,0,0,1,0,0,.000,.000,.000,.000
751MichaelM ConfortoConfortoLF751‌‌‌,LAD,8,20,3,5,3,0,0,0,3,7,0,0,.250,.375,.400,.775
751BillyB CookCook1B751‌‌‌,PIT,7,9,2,1,0,0,0,0,5,2,1,0,.111,.429,.111,.540
751JoseJ CordobaCordobaLF751‌‌‌,STL,1,0,0,0,0,0,0,0,0,0,0,0,.000,1.000,.000,1.000
751KenedyK CoronaCoronaCF751‌‌‌,HOU,6,10,1,1,0,0,0,0,2,3,1,1,.100,.250,.100,.350
751CarlosC CorreaCorreaSS751‌‌‌,MIN,5,13,1,1,0,0,0,0,0,4,0,0,.077,.077,.077,.154
751CarlosC CortesCortesLF751‌‌‌,ATH,8,14,0,0,0,0,0,0,0,4,0,0,.000,.000,.000,.000
751JonahJ CoxCoxCF751‌‌‌,SF,4,6,2,2,0,0,0,0,1,2,0,0,.333,.429,.333,.762
751JustinJ CrawfordCrawfordCF751‌‌‌,PHI,7,10,4,3,0,0,0,0,2,1,2,0,.300,.417,.300,.717
751DemetrioD CrisantesCrisantesSS751‌‌‌,AZ,2,3,0,0,0,0,0,0,0,1,0,0,.000,.000,.000,.000
751JimmyJ CrooksCrooksC751‌‌‌,STL,5,7,0,0,0,0,0,0,1,4,0,0,.000,.125,.000,.125
751BobbyB DalbecDalbec1B751‌‌‌,CWS,6,7,1,0,0,0,0,0,2,3,0,1,.000,.222,.000,.222
751ZachZ DanielsDanielsRF751‌‌‌,HOU,1,2,0,0,0,0,0,0,0,2,0,0,.000,.000,.000,.000
751ChaseC DavisDavisCF751‌‌‌,STL,3,5,4,1,0,0,0,0,1,1,0,0,.200,.333,.200,.533
751J.D.J DavisDavis1B751‌‌‌,LAA,11,20,0,3,1,0,0,0,1,12,0,0,.150,.190,.200,.390
751AlexA De GotiDe GotiSS751‌‌‌,TEX,2,1,0,0,0,0,0,0,1,0,0,0,.000,.500,.000,.500
751AlexA De JesusDe Jesus3B751‌‌‌,TOR,1,1,0,0,0,0,0,0,0,0,0,0,.000,.000,.000,.000
751RandyR De JesusDe JesusRF751‌‌‌,LAA,2,3,0,0,0,0,0,0,0,3,0,0,.000,.000,.000,.000
751CarlosC De La CruzDe La CruzOF751‌‌‌,WSH,3,2,0,0,0,0,0,0,0,2,0,0,.000,.000,.000,.000
751DeyvisonD De Los SantosDe Los Santos3B751‌‌‌,MIA,6,11,0,2,0,0,0,0,0,6,0,0,.182,.182,.182,.364
751JefreyJ De Los SantosDe Los Santos2B751‌‌‌,NYM,3,3,0,0,0,0,0,0,1,2,0,0,.000,.250,.000,.250
751OmarO De Los SantosDe Los SantosLF751‌‌‌,NYM,6,8,0,0,0,0,0,0,1,5,2,0,.000,.111,.000,.111
751LeoL De VriesDe VriesSS751‌‌‌,SD,8,16,1,2,1,0,0,0,3,5,0,0,.125,.263,.188,.451
751ZachZ DeLoachDeLoachRF751‌‌‌,CWS,7,9,0,1,0,0,0,0,3,3,0,0,.111,.333,.111,.444
751JustinJ DeanDeanCF751‌‌‌,LAD,11,9,3,3,1,0,0,0,5,3,2,1,.333,.600,.444,1.044
751AdrianA Del CastilloDel CastilloC751‌‌‌,AZ,6,15,0,2,1,0,0,0,0,6,0,0,.133,.133,.200,.333
751JoanJ DelgadoDelgadoLF751‌‌‌,CHC,1,1,0,0,0,0,0,0,0,1,0,0,.000,.000,.000,.000
751CamC DevanneyDevanneySS751‌‌‌,KC,7,13,3,4,0,0,0,0,3,2,1,0,.308,.438,.308,.746
751JoséJ DeversDeversSS751‌‌‌,ATL,5,9,0,0,0,0,0,0,1,3,0,0,.000,.100,.000,.100
751JhonJ DiazDiazRF751‌‌‌,TB,3,4,0,0,0,0,0,0,1,1,0,0,.000,.200,.000,.200
751RandalR DiazDiazSS751‌‌‌,WSH,2,1,0,0,0,0,0,0,0,1,0,0,.000,.000,.000,.000
751DylanD DoddDoddP751‌‌‌,ATL,1,0,0,0,0,0,0,0,0,0,0,0,.000,.000,.000,.000
751RayneR DonconDoncon3B751‌‌‌,MIN,1,1,0,0,0,0,0,0,0,1,0,0,.000,.000,.000,.000
751AnthonyA DonofrioDonofrioOF751‌‌‌,SEA,2,3,0,0,0,0,0,0,0,1,0,0,.000,.000,.000,.000
751TommyT DoyleDoyleP751‌‌‌,COL,2,0,0,0,0,0,0,0,0,0,0,0,.000,.000,.000,.000
751DylanD DreilingDreilingCF751‌‌‌,TEX,1,1,0,0,0,0,0,0,0,0,0,0,.000,.000,.000,.000
751LoganL DriscollDriscollC751‌‌‌,TB,2,3,0,0,0,0,0,0,0,0,0,0,.000,.000,.000,.000
751MauricioM DubónDubónLF751‌‌‌,HOU,6,14,0,0,0,0,0,0,1,5,0,0,.000,.067,.000,.067
751KellyK DuganDuganRF751‌‌‌,PHI,1,2,0,0,0,0,0,0,0,1,0,0,.000,.000,.000,.000
751TitusT DumitruDumitruOF751‌‌‌,ATL,1,1,0,0,0,0,0,0,0,1,0,0,.000,.000,.000,.000
751ClayC DunganDungan2B751‌‌‌,SD,11,14,1,3,0,0,0,0,3,4,1,0,.214,.353,.214,.567
751EzequielE DuranDuran3B751‌‌‌,TEX,7,17,4,2,1,0,0,0,3,3,0,0,.118,.250,.176,.426
751JarrenJ DuranDuranCF751‌‌‌,BOS,5,15,1,4,1,0,0,0,0,2,0,0,.267,.267,.333,.600
751BrendanB DurfeeDurfeeC751‌‌‌,SD,1,0,0,0,0,0,0,0,0,0,0,0,.000,.000,.000,.000
751EliasE DíazDíazC751‌‌‌,SD,6,14,0,2,0,0,0,0,0,5,0,0,.143,.143,.143,.286
751ZachZ EhrhardEhrhardOF751‌‌‌,BOS,2,2,0,1,0,0,0,0,1,1,0,0,.500,.667,.500,1.167
751DukeD EllisEllisCF751‌‌‌,NYY,8,15,1,2,0,0,0,0,0,8,1,0,.133,.133,.133,.266
751ColtC EmersonEmersonSS751‌‌‌,SEA,7,12,1,0,0,0,0,0,3,2,2,1,.000,.250,.000,.250
751KaleK EmshoffEmshoffC751‌‌‌,KC,3,3,1,2,0,0,0,0,0,0,0,0,.667,.667,.667,1.334
751BrennyB EscanioEscanioSS751‌‌‌,NYY,1,0,0,0,0,0,0,0,0,0,0,0,.000,.000,.000,.000
751LizandroL EspinozaEspinozaSS751‌‌‌,ATL,1,0,0,0,0,0,0,0,0,0,0,0,.000,.000,.000,.000
751ZachZ EvansEvansSS751‌‌‌,SD,1,2,0,0,0,0,0,0,0,2,0,0,.000,.000,.000,.000
751A.J.A EwingEwingLF751‌‌‌,NYM,1,1,0,0,0,0,0,0,0,1,0,0,.000,.000,.000,.000
751E.J.E ExpositoExposito2B751‌‌‌,ATL,3,6,0,0,0,0,0,0,0,4,0,0,.000,.000,.000,.000
751John MichaelJ FaileFaileC751‌‌‌,CIN,1,0,0,0,0,0,0,0,0,0,0,0,.000,.000,.000,.000
751TreyT FaltineFaltine2B751‌‌‌,CIN,1,1,0,0,0,0,0,0,0,1,0,0,.000,.000,.000,.000
751NomarN FanaFanaCF751‌‌‌,DET,1,1,0,0,0,0,0,0,0,0,0,0,.000,.000,.000,.000
751WillyW FanasFanasCF751‌‌‌,NYM,4,4,1,0,0,0,0,0,0,0,0,0,.000,.000,.000,.000
751KylerK FedkoFedkoLF751‌‌‌,MIN,1,2,0,0,0,0,0,0,0,1,0,0,.000,.000,.000,.000
751JoseJ FernandezFernandezSS751‌‌‌,AZ,1,1,0,0,0,0,0,0,0,1,0,0,.000,.000,.000,.000
751YeinerY FernandezFernandez1B751‌‌‌,LAD,1,2,0,0,0,0,0,0,0,1,0,0,.000,.000,.000,.000
751RyanR FitzgeraldFitzgerald3B751‌‌‌,MIN,7,6,2,1,0,0,0,0,1,2,0,0,.167,.444,.167,.611
751TylerT FitzgeraldFitzgeraldSS751‌‌‌,SF,4,11,1,3,0,0,0,0,1,6,0,0,.273,.333,.273,.606
751JuanJ FloresFloresC751‌‌‌,LAA,6,10,0,1,0,0,0,0,2,4,0,0,.100,.250,.100,.350
751RafaelR FloresFloresC751‌‌‌,NYY,6,8,1,2,0,0,0,0,0,2,0,0,.250,.250,.250,.500
751ColeC FontenelleFontenelle3B751‌‌‌,LAA,10,15,2,1,0,1,0,0,4,8,0,0,.067,.263,.200,.463
751NickN FortesFortesC751‌‌‌,MIA,5,10,4,3,0,0,0,0,1,1,0,0,.300,.364,.300,.664
751ColeC FosterFosterSS751‌‌‌,SF,3,4,0,0,0,0,0,0,0,3,0,0,.000,.000,.000,.000
751RioR FosterFosterRF751‌‌‌,LAA,2,1,0,0,0,0,0,0,0,1,0,0,.000,.000,.000,.000
751MattM FraizerFraizerRF751‌‌‌,PIT,1,0,0,0,0,0,0,0,0,0,0,0,.000,.000,.000,.000
751JuniorJ FrancoFrancoLF751‌‌‌,AZ,1,0,0,0,0,0,0,0,0,0,0,0,.000,.000,.000,.000
751ChristianC FranklinFranklinLF751‌‌‌,CHC,10,17,4,2,0,0,0,0,2,3,2,0,.118,.250,.118,.368
751AdamA FrazierFrazier2B751‌‌‌,PIT,3,6,0,1,0,0,0,0,0,0,0,0,.167,.167,.167,.334
751CodyC FreemanFreeman3B751‌‌‌,TEX,10,13,1,2,1,0,0,0,0,3,0,0,.154,.154,.231,.385
751BraxtonB FulfordFulfordC751‌‌‌,COL,6,7,0,1,1,0,0,0,0,2,0,0,.143,.143,.286,.429
751BenB GamelGamelRF751‌‌‌,HOU,3,5,0,0,0,0,0,0,1,1,0,0,.000,.286,.000,.286
751JhostynxonJ GarciaGarciaCF751‌‌‌,BOS,11,21,1,1,0,0,0,0,0,10,0,0,.048,.048,.048,.096
751DavidD GarcíaGarcíaC751‌‌‌,MIL,5,6,0,0,0,0,0,0,0,1,0,0,.000,.143,.000,.143
751AndyA GarriolaGarriolaLF751‌‌‌,CHC,3,3,0,0,0,0,0,0,0,1,0,0,.000,.250,.000,.250
751DJD GladneyGladneyLF751‌‌‌,CWS,2,1,0,1,1,0,0,0,0,0,0,0,1.000,1.000,2.000,3.000
751KenniK GomezGomezCF751‌‌‌,HOU,6,6,2,2,0,0,0,0,2,2,3,0,.333,.500,.333,.833
751CristianC GonzalezGonzalezSS751‌‌‌,HOU,1,1,0,0,0,0,0,0,1,0,0,0,.000,.500,.000,.500
751DomingoD GonzalezGonzalezP751‌‌‌,ATL,2,0,0,0,0,0,0,0,0,0,0,0,.000,.000,.000,.000
751GabrielG GonzalezGonzalezRF751‌‌‌,MIN,2,2,0,0,0,0,0,0,0,1,0,0,.000,.000,.000,.000
751RomyR GonzalezGonzalez2B751‌‌‌,BOS,2,6,1,3,1,0,0,0,0,1,0,0,.500,.500,.667,1.167
751NikoN GoodrumGoodrum3B751‌‌‌,SD,8,11,2,3,2,0,0,0,6,2,1,0,.273,.529,.455,.984
751NickN GoodwinGoodwin2B751‌‌‌,TOR,1,1,0,0,0,0,0,0,0,0,0,0,.000,.000,.000,.000
751NickN GordonGordon2B751‌‌‌,BAL,6,10,2,0,0,0,0,0,2,2,1,0,.000,.167,.000,.167
751TannerT GordonGordonP751‌‌‌,COL,1,0,0,0,0,0,0,0,0,0,0,0,.000,.000,.000,.000
751NolanN GormanGorman2B751‌‌‌,STL,8,22,1,3,1,0,0,0,1,8,0,0,.136,.174,.182,.356
751JaceJ GradyGradyRF751‌‌‌,ATL,2,2,1,1,0,0,0,0,0,0,0,0,.500,.500,.500,1.000
751KevinK GrahamGrahamRF751‌‌‌,AZ,2,2,1,1,1,0,0,0,0,0,0,0,.500,.500,1.000,1.500
751PeytonP GrahamGrahamSS751‌‌‌,DET,2,4,0,0,0,0,0,0,0,2,0,0,.000,.000,.000,.000
751ElijahE GreenGreenCF751‌‌‌,WSH,2,0,0,0,0,0,0,0,1,0,0,0,.000,1.000,.000,1.000
751PaytonP GreenGreenSS751‌‌‌,MIA,1,1,0,0,0,0,0,0,0,1,0,0,.000,.000,.000,.000
751TrentT GrishamGrishamCF751‌‌‌,NYY,2,3,0,0,0,0,0,0,2,0,0,0,.000,.400,.000,.400
751VaughnV GrissomGrissom2B751‌‌‌,BOS,7,19,2,3,1,0,0,0,2,4,0,0,.158,.238,.211,.449
751DanielD GuilarteGuilarteSS751‌‌‌,MIL,1,2,0,0,0,0,0,0,0,1,0,0,.000,.000,.000,.000
751GarretG GuillemetteGuillemetteC751‌‌‌,HOU,1,1,1,1,1,0,0,0,0,0,0,0,1.000,1.000,2.000,3.000
751YuliY GurrielGurriel1B751‌‌‌,SD,6,12,1,3,1,0,0,0,1,1,0,0,.250,.308,.333,.641
751AdamA HallHall2B751‌‌‌,MIL,1,2,0,0,0,0,0,0,0,0,0,0,.000,.000,.000,.000
751PeteyP HalpinHalpinCF751‌‌‌,CLE,7,10,0,1,0,0,0,0,1,4,0,0,.100,.182,.100,.282
751TylerT HardmanHardman1B751‌‌‌,NYY,5,3,0,0,0,0,0,0,3,3,0,0,.000,.500,.000,.500
751TheoT HardyHardySS751‌‌‌,TEX,3,5,1,1,1,0,0,0,0,0,0,0,.200,.200,.400,.600
751BryceB HarperHarper1B751‌‌‌,PHI,5,14,0,5,2,0,0,0,0,4,0,0,.357,.400,.500,.900
751BrettB HarrisHarris3B751‌‌‌,ATH,4,4,1,0,0,0,0,0,2,0,0,0,.000,.429,.000,.429
751DakotaD HarrisHarrisSS751‌‌‌,STL,2,0,1,0,0,0,0,0,0,0,0,0,.000,.000,.000,.000
751MichaelM Harris IIHarrisCF751‌‌‌,ATL,7,16,0,2,0,0,0,0,1,4,0,0,.125,.176,.125,.301
751JayJ HarryHarry2B751‌‌‌,TOR,2,1,0,0,0,0,0,0,0,0,0,0,.000,.000,.000,.000
751JoshJ HatcherHatcherOF751‌‌‌,TEX,4,5,1,2,2,0,0,0,0,1,0,0,.400,.400,.800,1.200
751AustinA HedgesHedgesC751‌‌‌,CLE,5,10,1,0,0,0,0,0,2,6,0,0,.000,.167,.000,.167
751JonahJ HeimHeimC751‌‌‌,TEX,7,19,1,4,0,0,0,0,1,5,0,0,.211,.250,.211,.461
751GunnarG HendersonHendersonSS751‌‌‌,BAL,3,6,0,1,0,0,0,0,0,0,0,0,.167,.167,.167,.334
751PaytonP HenryHenryC751‌‌‌,PHI,5,5,1,0,0,0,0,0,2,2,0,0,.000,.375,.000,.375
751DavidD HensleyHensleyOF751‌‌‌,DET,6,5,3,2,1,0,0,0,2,0,0,0,.400,.571,.600,1.171
751DiegoD HernandezHernandezOF751‌‌‌,KC,4,4,0,0,0,0,0,0,0,2,0,0,.000,.000,.000,.000
751JesusJ HernandezHernandez3B751‌‌‌,MIA,1,1,0,0,0,0,0,0,0,0,0,0,.000,.000,.000,.000
751SammyS HernandezHernandezC751‌‌‌,STL,1,0,0,0,0,0,0,0,0,0,0,0,.000,.000,.000,.000
751RonaldoR HernándezHernándezC751‌‌‌,NYY,4,6,0,1,0,0,0,0,0,1,0,0,.167,.167,.167,.334
751JimmyJ HerronHerronLF751‌‌‌,MIL,9,17,1,2,0,0,0,0,0,5,0,0,.118,.118,.118,.236
751JasonJ HeywardHeywardRF751‌‌‌,SD,6,10,1,0,0,0,0,0,2,4,0,0,.000,.167,.000,.167
751BrewerB HicklenHicklenRF751‌‌‌,MIL,8,18,5,4,2,0,0,0,3,7,0,0,.222,.333,.333,.666
751LiamL HicksHicksC751‌‌‌,MIA,6,11,0,2,0,0,0,0,2,3,0,0,.182,.308,.182,.490
751CobbC HightowerHightowerSS751‌‌‌,SD,2,2,0,1,0,0,0,0,0,1,0,0,.500,.500,.500,1.000
751GJG HillHillRF751‌‌‌,COL,1,1,0,0,0,0,0,0,0,1,0,0,.000,.000,.000,.000
751SamS HilliardHilliardLF751‌‌‌,COL,8,19,1,2,0,0,0,0,2,10,0,1,.105,.190,.105,.295
751CalebC HobsonHobsonCF751‌‌‌,COL,2,1,0,0,0,0,0,0,1,0,0,0,.000,.500,.000,.500
751WillW HollandHollandCF751‌‌‌,MIN,5,6,2,1,0,0,0,0,1,1,1,0,.167,.375,.167,.542
751JakeJ HoltonHolton1B751‌‌‌,DET,4,3,1,0,0,0,0,0,2,2,0,0,.000,.500,.000,.500
751JoshJ HoodHood2B751‌‌‌,SEA,3,2,1,0,0,0,0,0,0,1,0,0,.000,.000,.000,.000
751TJT HopkinsHopkinsCF751‌‌‌,DET,1,1,0,0,0,0,0,0,0,0,0,0,.000,.000,.000,.000
751BennettB HostetlerHostetlerC751‌‌‌,MIA,3,3,0,0,0,0,0,0,0,1,0,0,.000,.000,.000,.000
751MadduxM HoughtonHoughtonCF751‌‌‌,MIN,3,2,0,1,0,0,0,0,0,0,0,0,.500,.500,.500,1.000
751EdE HowardHowardSS751‌‌‌,CHC,1,1,0,0,0,0,0,0,0,0,0,0,.000,.000,.000,.000
751KodyK HuffHuffC751‌‌‌,CLE,7,6,3,0,0,0,0,0,3,3,0,0,.000,.333,.000,.333
751CooperC HummelHummelLF751‌‌‌,HOU,8,20,2,6,1,0,0,0,0,3,1,0,.300,.333,.350,.683
751XavierX IsaacIsaac1B751‌‌‌,TB,5,9,0,0,0,0,0,0,2,8,0,0,.000,.250,.000,.250
751AndrewA JenkinsJenkins1B751‌‌‌,DET,1,0,0,0,0,0,0,0,0,0,0,0,.000,.000,.000,.000
751JacobJ Jenkins-CowartJenkins-Cowart1B751‌‌‌,MIA,1,1,0,0,0,0,0,0,0,1,0,0,.000,.000,.000,.000
751LeoL JiménezJimenezSS751‌‌‌,TOR,6,13,3,2,1,0,0,0,2,2,0,0,.154,.313,.231,.544
751BraydenB JobertJobertOF751‌‌‌,STL,1,0,0,0,0,0,0,0,0,0,0,0,.000,.000,.000,.000
751ConnorC JoeJoe1B751‌‌‌,SD,7,13,2,3,1,0,0,0,4,3,0,0,.231,.474,.308,.782
751CooperC JohnsonJohnsonC751‌‌‌,TEX,6,5,0,0,0,0,0,0,0,4,0,0,.000,.000,.000,.000
751TroyT JohnstonJohnstonOF751‌‌‌,MIA,7,7,2,2,0,0,0,0,4,1,1,0,.286,.545,.286,.831
751CarsonC JonesJonesLF751‌‌‌,SEA,1,1,0,0,0,0,0,0,0,1,0,0,.000,.000,.000,.000
751GregG JonesJonesRF751‌‌‌,COL,7,9,2,0,0,0,0,0,3,8,2,0,.000,.250,.000,.250
751BlazeB JordanJordan1B751‌‌‌,BOS,6,5,0,1,0,0,0,0,2,0,0,0,.200,.429,.200,.629
751DakotaD JordanJordanOF751‌‌‌,SF,2,3,1,1,1,0,0,0,0,0,0,0,.333,.333,.667,1.000
751LeviL JordanJordanCF751‌‌‌,CIN,5,7,1,3,1,0,0,0,1,1,0,0,.429,.500,.571,1.071
751CarlosC JorgeJorgeCF751‌‌‌,CIN,2,1,1,0,0,0,0,0,0,1,0,0,.000,.000,.000,.000
751JakeyJ JosephaJosephaCF751‌‌‌,AZ,2,2,0,0,0,0,0,0,0,2,0,0,.000,.000,.000,.000
751CoreyC JoyceJoyceSS751‌‌‌,DET,1,1,0,1,0,0,0,0,0,0,1,0,1.000,1.000,1.000,2.000
751EdouardE JulienJulien2B751‌‌‌,MIN,6,17,2,3,0,0,0,0,1,2,0,0,.176,.222,.176,.398
751JaceJ JungJung3B751‌‌‌,DET,7,14,2,2,2,0,0,0,2,4,0,0,.143,.250,.286,.536
751EvanJ JusticeJusticeP751‌‌‌,COL,1,0,0,0,0,0,0,0,0,0,0,0,.000,.000,.000,.000
751BraedonB KarpathiosKarpathiosRF751‌‌‌,SD,4,4,0,0,0,0,0,0,0,3,0,0,.000,.000,.000,.000
751KobeK KatoKato2B751‌‌‌,ATL,2,1,0,0,0,0,0,0,1,0,0,0,.000,.500,.000,.500
751NikoN KavadasKavadas1B751‌‌‌,LAA,10,20,2,2,1,0,0,0,2,13,0,0,.100,.182,.150,.332
751DominicD KeeganKeeganC751‌‌‌,TB,1,2,0,0,0,0,0,0,0,2,0,0,.000,.000,.000,.000
751ColtC KeithKeith2B751‌‌‌,DET,7,19,2,7,1,0,0,0,2,3,0,0,.368,.429,.421,.850
751DamonD KeithKeithRF751‌‌‌,LAD,1,2,0,1,0,0,0,0,0,1,0,0,.500,.500,.500,1.000
751CarterC KieboomKieboom3B751‌‌‌,LAA,9,14,1,5,1,0,0,0,2,5,0,0,.357,.438,.429,.867
751KevinK Kilpatrick Jr.KilpatrickCF751‌‌‌,ATL,5,7,2,1,0,0,0,0,4,3,1,0,.143,.455,.143,.598
751BillB KnightKnightOF751‌‌‌,SEA,5,10,1,1,0,0,0,0,0,3,0,0,.100,.100,.100,.200
751AndrewA KniznerKniznerC751‌‌‌,WSH,5,9,1,2,0,0,0,0,0,2,0,0,.222,.222,.222,.444
751MarkM KolozsvaryKolozsvaryC751‌‌‌,BOS,7,9,0,1,0,0,0,0,0,5,0,0,.111,.200,.111,.311
751JoshuaJ Kuroda-GrauerKuroda-GrauerSS751‌‌‌,ATH,2,2,0,0,0,0,0,0,0,0,0,0,.000,.000,.000,.000
751JakeJ LambLamb1B751‌‌‌,SF,5,9,1,3,0,0,0,0,0,5,0,0,.333,.333,.333,.666
751WilfredoW LaraLara3B751‌‌‌,MIA,2,2,0,1,0,0,0,0,1,0,0,0,.500,.667,.500,1.167
751RyanR LaskoLaskoCF751‌‌‌,ATH,1,0,1,0,0,0,0,0,0,0,0,0,.000,1.000,.000,1.000
751DarioD LaverdeLaverdeC751‌‌‌,LAA,3,0,0,0,0,0,0,0,1,0,0,0,.000,1.000,.000,1.000
751DJD LeMahieuLeMahieu3B751‌‌‌,NYY,1,2,0,0,0,0,0,0,0,1,0,0,.000,.000,.000,.000
751Hao-YuH LeeLee2B751‌‌‌,DET,8,17,2,2,2,0,0,0,2,8,0,0,.118,.211,.235,.446
751MarcusM Lee SangLee SangCF751‌‌‌,PHI,1,1,0,0,0,0,0,0,0,0,0,0,.000,.000,.000,.000
751ZachZ LevensonLevensonLF751‌‌‌,STL,2,1,0,1,1,0,0,0,0,0,0,0,1.000,1.000,2.000,3.000
751TatemT LevinsLevinsC751‌‌‌,TB,2,2,0,0,0,0,0,0,0,1,0,0,.000,.000,.000,.000
751PedroP LeónLeónRF751‌‌‌,HOU,1,3,0,0,0,0,0,0,0,1,0,0,.000,.000,.000,.000
751AhbramA LiendoLiendo2B751‌‌‌,BOS,5,4,1,0,0,0,0,0,0,4,0,0,.000,.000,.000,.000
751LyleL LinLinC751‌‌‌,ATH,3,2,1,0,0,0,0,0,0,0,0,0,.000,.000,.000,.000
751CarlosC LinarezLinarezC751‌‌‌,STL,1,1,0,0,0,0,0,0,0,0,0,0,.000,.000,.000,.000
751CalebC LomavitaLomavitaC751‌‌‌,WSH,2,2,0,0,0,0,0,0,0,1,0,0,.000,.000,.000,.000
751NickyN LopezLopez2B751‌‌‌,CHC,7,17,2,8,2,0,0,0,3,1,0,0,.471,.550,.588,1.138
751OttoO LopezLopez2B751‌‌‌,MIA,7,19,2,4,0,0,0,0,0,3,0,0,.211,.250,.211,.461
751NickN LorussoLorusso3B751‌‌‌,NYM,3,3,0,0,0,0,0,0,0,2,0,0,.000,.000,.000,.000
751NickN LuckyLuckySS751‌‌‌,MIN,1,1,0,0,0,0,0,0,0,0,0,0,.000,.000,.000,.000
751WilliamW LugoLugo3B751‌‌‌,NYM,4,4,0,0,0,0,0,0,1,1,0,0,.000,.200,.000,.200
751JesúsJ MadeMadeSS751‌‌‌,MIL,2,2,0,0,0,0,0,0,1,0,0,1,.000,.333,.000,.333
751NickN MadrigalMadrigal3B751‌‌‌,NYM,1,0,0,0,0,0,0,0,0,0,0,0,.000,.000,.000,.000
751BlighB MadrisMadris1B751‌‌‌,DET,8,12,1,2,2,0,0,0,4,1,0,0,.167,.375,.333,.708
751MartínM MaldonadoMaldonadoC751‌‌‌,SD,5,9,0,0,0,0,0,0,0,3,0,0,.000,.100,.000,.100
751TreyT ManciniMancini1B751‌‌‌,AZ,8,14,1,5,2,0,0,0,0,5,0,0,.357,.357,.500,.857
751LukeL MannMann3B751‌‌‌,ATH,1,1,0,0,0,0,0,0,0,1,0,0,.000,.000,.000,.000
751BrandonB MarshMarshLF751‌‌‌,PHI,7,13,1,1,1,0,0,0,4,3,0,0,.077,.294,.154,.448
751AustinA MartinMartinCF751‌‌‌,MIN,5,10,2,1,0,0,0,0,3,1,1,0,.100,.357,.100,.457
751GabrielG MartinezMartinezLF751‌‌‌,TOR,1,2,0,0,0,0,0,0,0,2,0,0,.000,.000,.000,.000
751OmarO MartinezMartinezC751‌‌‌,NYY,3,5,1,1,1,0,0,0,0,2,0,0,.200,.200,.400,.600
751BrandonB MartoranoMartoranoC751‌‌‌,TEX,1,1,0,0,0,0,0,0,0,1,0,0,.000,.000,.000,.000
751AngelA MartínezMartínezCF751‌‌‌,CLE,7,14,0,1,0,0,0,0,2,5,0,0,.071,.188,.071,.259
751JuanJ MatheusMatheusSS751‌‌‌,NYY,4,4,1,1,0,0,0,0,1,1,0,0,.250,.400,.250,.650
751JasonJ MatthewsMatthews2B751‌‌‌,CWS,1,1,0,0,0,0,0,0,0,1,0,0,.000,.000,.000,.000
751RyanR McCartyMcCarty2B751‌‌‌,TOR,2,4,1,2,0,0,0,0,0,1,0,0,.500,.500,.500,1.000
751MasonM McCoyMcCoySS751‌‌‌,SD,10,14,0,2,0,0,0,0,3,4,1,0,.143,.294,.143,.437
751CarsonC McCuskerMcCuskerLF751‌‌‌,MIN,5,6,1,0,0,0,0,0,1,4,0,0,.000,.143,.000,.143
751PaulP McIntoshMcIntoshC751‌‌‌,PHI,5,7,1,0,0,0,0,0,1,3,0,0,.000,.222,.000,.222
751ZachZ McKinstryMcKinstrySS751‌‌‌,DET,7,12,3,2,0,0,0,0,1,1,1,0,.167,.333,.167,.500
751SeanS McLainMcLainSS751‌‌‌,LAD,5,7,2,1,1,0,0,0,2,2,0,0,.143,.333,.286,.619
751JeffJ McNeilMcNeil2B751‌‌‌,NYM,8,21,3,4,2,0,0,0,2,4,0,0,.190,.261,.286,.547
751ParkerP MeadowsMeadowsCF751‌‌‌,DET,1,2,0,0,0,0,0,0,0,0,0,0,.000,.000,.000,.000
751IvanI MelendezMelendez3B751‌‌‌,AZ,2,3,0,0,0,0,0,0,0,2,0,0,.000,.000,.000,.000
751YahilY MelendezMelendezSS751‌‌‌,CHC,1,1,0,0,0,0,0,0,0,1,0,0,.000,.000,.000,.000
751HendryH MendezMendezOF751‌‌‌,PHI,1,1,0,0,0,0,0,0,0,0,0,0,.000,.000,.000,.000
751NoahN MendlingerMendlingerRF751‌‌‌,STL,3,2,0,1,0,0,0,0,1,0,0,0,.500,.667,.500,1.167
751JoeyJ MenesesMeneses1B751‌‌‌,NYM,2,4,0,1,1,0,0,0,0,0,0,0,.250,.250,.500,.750
751SkylerS MessingerMessinger3B751‌‌‌,COL,1,0,0,0,0,0,0,0,0,0,0,0,.000,.000,.000,.000
751LuisL MiesesMiesesOF751‌‌‌,TEX,2,2,0,0,0,0,0,0,0,1,0,0,.000,.000,.000,.000
751DrewD MillasMillasC751‌‌‌,WSH,9,12,4,1,1,0,0,0,4,4,1,0,.083,.313,.167,.480
751AidanA MillerMillerSS751‌‌‌,PHI,6,9,1,0,0,0,0,0,3,3,0,0,.000,.250,.000,.250
751DarrienD MillerMillerC751‌‌‌,MIL,5,3,3,2,0,0,0,0,1,0,0,0,.667,.833,.667,1.500
751YoánY MoncadaMoncada3B751‌‌‌,LAA,6,10,1,0,0,0,0,0,6,2,0,0,.000,.375,.000,.375
751DylanD MooreMooreSS751‌‌‌,SEA,7,18,0,1,0,0,0,0,1,5,1,0,.056,.105,.056,.161
751MalcolmM MooreMooreC751‌‌‌,TEX,6,5,0,2,0,0,0,0,1,2,0,0,.400,.500,.400,.900
751RobertR MooreMoore2B751‌‌‌,PHI,2,2,1,1,0,0,0,0,0,1,0,0,.500,.500,.500,1.000
751NickN MorabitoMorabitoCF751‌‌‌,NYM,1,2,0,1,0,0,0,0,0,0,1,0,.500,.500,.500,1.000
751CobyC MoralesMoralesLF751‌‌‌,NYY,5,5,0,0,0,0,0,0,0,2,0,0,.000,.000,.000,.000
751JefersonJ MoralesMoralesC751‌‌‌,MIN,7,9,0,4,1,0,0,0,1,3,1,0,.444,.500,.556,1.056
751ChristopherC MorelMorel3B751‌‌‌,TB,7,18,3,4,1,0,0,0,1,7,1,0,.222,.263,.278,.541
751Tre'T MorganMorgan1B751‌‌‌,TB,7,13,2,3,0,0,0,0,3,5,0,0,.231,.375,.231,.606
751CodyC MorissetteMorissette2B751‌‌‌,MIA,1,2,0,0,0,0,0,0,0,2,0,0,.000,.000,.000,.000
751DiegoD MosqueraMosqueraSS751‌‌‌,NYM,4,6,0,1,1,0,0,0,0,2,0,0,.167,.167,.333,.500
751JackJ MossMossLF751‌‌‌,CIN,1,1,0,0,0,0,0,0,0,0,0,0,.000,.000,.000,.000
751JorgelysJ MotaMotaSS751‌‌‌,WSH,1,1,0,0,0,0,0,0,0,1,0,0,.000,.000,.000,.000
751RolddyR MunozMunozP751‌‌‌,ATL,1,0,0,0,0,0,0,0,0,0,0,0,.000,.000,.000,.000
751KaiK MurphyMurphyLF751‌‌‌,SD,4,2,1,0,0,0,0,0,2,0,0,0,.000,.500,.000,.500
751SeanS MurphyMurphyC751‌‌‌,ATL,3,6,0,0,0,0,0,0,1,3,0,0,.000,.250,.000,.250
751BJB Murray Jr.Murray3B751‌‌‌,CHC,5,6,2,2,1,0,0,0,3,2,1,0,.333,.600,.500,1.100
751DaneD MyersMyersRF751‌‌‌,MIA,6,11,0,3,0,0,0,0,5,4,1,1,.273,.500,.273,.773
751NateN NankilNankilRF751‌‌‌,ATH,1,0,0,0,0,0,0,0,0,0,0,0,.000,.000,.000,.000
751KyleK NevinNevin3B751‌‌‌,LAD,5,7,2,1,0,0,0,0,1,3,0,0,.143,.250,.143,.393
751ChrisC NewellNewellCF751‌‌‌,LAD,4,5,2,1,1,0,0,0,0,1,1,0,.200,.200,.400,.600
751BrandonB NimmoNimmoLF751‌‌‌,NYM,1,1,0,0,0,0,0,0,1,0,0,0,.000,.500,.000,.500
751RikuuR NishidaNishidaLF751‌‌‌,CWS,1,1,0,0,0,0,0,0,0,1,0,0,.000,.000,.000,.000
751SpencerS NivensNivensLF751‌‌‌,KC,1,0,0,0,0,0,0,0,1,0,0,0,.000,1.000,.000,1.000
751AustinA NolaNolaC751‌‌‌,COL,8,17,3,6,1,0,0,0,0,3,0,0,.353,.353,.412,.765
751JacobJ NottinghamNottinghamC751‌‌‌,SEA,6,5,3,1,0,0,0,0,4,1,1,0,.200,.600,.200,.800
751DomD NuñezNuñezC751‌‌‌,CLE,5,10,1,2,1,0,0,0,0,4,0,0,.200,.273,.300,.573
751MalcomM NuñezNuñez1B751‌‌‌,PIT,9,13,2,2,0,0,0,0,0,3,0,0,.154,.214,.154,.368
751EthanE O'DonnellO'DonnellCF751‌‌‌,CIN,2,3,0,0,0,0,0,0,0,2,0,0,.000,.000,.000,.000
751BrianB O'KeefeO'KeefeC751‌‌‌,KC,3,6,0,0,0,0,0,0,1,3,0,0,.000,.143,.000,.143
751JackJ O'LoughlinO'LoughlinP751‌‌‌,COL,1,0,0,0,0,0,0,0,0,0,0,0,.000,.000,.000,.000
751DylanD O'RaeO'RaeCF751‌‌‌,MIL,2,2,0,0,0,0,0,0,0,0,0,0,.000,.000,.000,.000
751NehomarN Ochoa Jr.OchoaRF751‌‌‌,HOU,4,4,0,1,0,0,0,0,0,0,0,0,.250,.250,.250,.500
751ChristianC OlivoOlivoLF751‌‌‌,CHC,2,2,0,0,0,0,0,0,0,0,0,0,.000,.000,.000,.000
751RafaelR OrtegaOrtegaCF751‌‌‌,NYM,3,8,1,1,0,0,0,0,0,2,0,0,.125,.125,.125,.250
751AngelA OrtizOrtizOF751‌‌‌,AZ,3,2,0,1,1,0,0,0,0,1,0,0,.500,.500,1.000,1.500
751IzaacI PachecoPacheco3B751‌‌‌,DET,2,3,1,1,0,0,0,0,0,1,0,0,.333,.333,.333,.666
751CharlieC PagliariniPagliarini3B751‌‌‌,SEA,2,3,1,0,0,0,0,0,1,2,0,0,.000,.250,.000,.250
751JoshuaJ PalaciosPalaciosRF751‌‌‌,PIT,6,13,1,3,0,0,0,0,1,2,0,0,.231,.286,.231,.517
751RichieR PalaciosPalacios2B751‌‌‌,TB,8,21,3,5,1,1,0,0,2,4,1,1,.238,.304,.381,.685
751RonaikerR PalmaPalmaC751‌‌‌,COL,3,2,0,1,0,0,0,0,0,1,0,0,.500,.500,.500,1.000
751JaylenJ PalmerPalmer3B751‌‌‌,CHC,1,1,0,0,0,0,0,0,0,1,0,0,.000,.000,.000,.000
751StephenS PaoliniPaoliniRF751‌‌‌,ATL,4,5,2,2,1,0,0,0,0,0,0,0,.400,.400,.600,1.000
751KevinK ParadaParadaC751‌‌‌,NYM,6,7,1,2,0,0,0,0,1,4,0,0,.286,.375,.286,.661
751EddinsonE PaulinoPaulinoSS751‌‌‌,TOR,4,6,1,1,1,0,0,0,1,2,0,0,.167,.286,.333,.619
751BraylonB PaynePayneOF751‌‌‌,MIL,3,4,0,1,1,0,0,0,1,1,0,1,.250,.400,.500,.900
751AngelA PerdomoPerdomoP751‌‌‌,ATL,1,0,0,0,0,0,0,0,0,0,0,0,.000,.000,.000,.000
751HedbertH PerezPerezLF751‌‌‌,MIL,1,1,0,0,0,0,0,0,0,0,0,0,.000,.000,.000,.000
751JuniorJ PerezPerezCF751‌‌‌,ATH,1,0,1,0,0,0,0,0,0,0,0,0,.000,.000,.000,.000
751MilkarM PerezPerez3B751‌‌‌,SEA,2,2,0,0,0,0,0,0,0,2,0,0,.000,.000,.000,.000
751SalvadorS PerezPerezC751‌‌‌,KC,5,11,1,2,1,0,0,0,0,3,0,0,.182,.182,.273,.455
751VincentV PerozoPerozoC751‌‌‌,NYM,1,0,1,0,0,0,0,0,1,0,0,0,.000,1.000,.000,1.000
751IanI PetrutzPetrutzOF751‌‌‌,STL,2,1,2,0,0,0,0,0,0,0,0,0,.000,.000,.000,.000
751TommyT PhamPhamOF751‌‌‌,PIT,7,14,4,3,0,0,0,0,7,3,1,0,.214,.476,.214,.690
751EsmithE PinedaPinedaRF751‌‌‌,CIN,1,0,0,0,0,0,0,0,1,0,0,0,.000,1.000,.000,1.000
751LeandroL PinedaPinedaRF751‌‌‌,PHI,2,2,0,0,0,0,0,0,0,1,0,0,.000,.000,.000,.000
751AdrianA PintoPinto2B751‌‌‌,TOR,1,1,1,0,0,0,0,0,0,0,0,0,.000,.000,.000,.000
751KennyK PiperPiperC751‌‌‌,TB,6,10,1,3,1,0,0,0,1,2,1,0,.300,.364,.400,.764
751DominicD PitelliPitelliSS751‌‌‌,CIN,4,4,2,1,1,0,0,0,1,1,1,0,.250,.400,.500,.900
751ÉmilienÉ PitrePitreSS751‌‌‌,TB,1,2,0,0,0,0,0,0,0,2,0,0,.000,.000,.000,.000
751JorgeJ PolancoPolanco2B751‌‌‌,SEA,2,5,0,0,0,0,0,0,0,0,0,0,.000,.000,.000,.000
751ShalinS PolancoPolancoOF751‌‌‌,PIT,1,1,0,0,0,0,0,0,0,0,0,0,.000,.000,.000,.000
751LoganL PorterPorterC751‌‌‌,SF,6,8,1,1,1,0,0,0,1,1,0,0,.125,.222,.250,.472
751ElioE PradoPradoOF751‌‌‌,PHI,1,1,0,0,0,0,0,0,0,1,0,0,.000,.000,.000,.000
751AnthonyA PratoPrato3B751‌‌‌,MIN,2,1,0,0,0,0,0,0,1,0,0,0,.000,.500,.000,.500
751ReginaldR PreciadoPreciadoSS751‌‌‌,CHC,1,2,0,0,0,0,0,0,0,0,0,0,.000,.000,.000,.000
751CésarC PrietoPrieto2B751‌‌‌,STL,10,11,3,3,2,0,0,0,0,2,0,0,.273,.273,.455,.728
751JuricksonJ ProfarProfarLF751‌‌‌,ATL,5,10,2,2,2,0,0,0,4,2,0,0,.200,.429,.400,.829
751MichaelM ProseckyProseckyP751‌‌‌,COL,1,0,0,0,0,0,0,0,0,0,0,0,.000,.000,.000,.000
751WenceelW PérezPérezRF751‌‌‌,DET,5,14,0,1,0,0,0,0,2,5,0,0,.071,.188,.071,.259
751EdgarE QueroQueroC751‌‌‌,CWS,5,10,1,3,0,0,0,0,0,2,0,0,.300,.300,.300,.600
751LukeL RaleyRaleyLF751‌‌‌,SEA,4,11,2,3,0,0,0,0,0,6,1,0,.273,.273,.273,.546
751BlakeB RambuschRambusch2B751‌‌‌,SEA,2,3,1,1,0,0,0,0,0,0,0,0,.333,.333,.333,.666
751AbrahanA RamirezRamirez2B751‌‌‌,MIA,1,1,0,0,0,0,0,0,0,1,0,0,.000,.000,.000,.000
751GermanG RamirezRamirezSS751‌‌‌,HOU,1,1,0,0,0,0,0,0,0,1,0,0,.000,.000,.000,.000
751BryanB RamosRamos3B751‌‌‌,CWS,3,7,0,1,1,0,0,0,1,3,0,0,.143,.250,.286,.536
751HeliotH RamosRamosCF751‌‌‌,SF,2,5,0,0,0,0,0,0,1,1,1,0,.000,.167,.000,.167
751AlexA RamírezRamírezCF751‌‌‌,NYM,8,15,0,3,0,0,0,0,1,7,0,0,.200,.250,.200,.450
751JoséJ RamírezRamírez3B751‌‌‌,CLE,7,18,2,4,1,0,0,0,2,2,0,0,.222,.300,.278,.578
751NickN RaposoRaposoC751‌‌‌,SEA,6,8,3,1,0,0,0,0,3,5,1,0,.125,.364,.125,.489
751ChandlerC RedmondRedmond1B751‌‌‌,STL,1,0,0,0,0,0,0,0,1,0,0,0,.000,1.000,.000,1.000
751RobR RefsnyderRefsnyderLF751‌‌‌,BOS,3,8,1,2,0,0,0,0,1,3,0,0,.250,.333,.250,.583
751LuisL RengifoRengifo3B751‌‌‌,LAA,1,2,0,0,0,0,0,0,0,0,0,0,.000,.000,.000,.000
751BladimirB RestituyoRestituyoOF751‌‌‌,MIL,1,0,0,0,0,0,0,0,0,0,0,0,.000,.000,.000,.000
751BryanB ReynoldsReynoldsLF751‌‌‌,PIT,7,17,4,4,1,0,0,0,2,5,1,0,.235,.316,.294,.610
751CalebC RickettsRickettsC751‌‌‌,PHI,2,1,0,0,0,0,0,0,1,0,0,0,.000,.500,.000,.500
751JustinJ RiemerRiemer2B751‌‌‌,BOS,3,3,0,0,0,0,0,0,0,3,0,0,.000,.000,.000,.000
751BryanB RinconRinconSS751‌‌‌,PHI,3,4,1,2,0,1,0,0,0,1,0,0,.500,.500,1.000,1.500
751AlbertoA RiosRiosC751‌‌‌,LAA,3,1,0,0,0,0,0,0,0,0,0,0,.000,.000,.000,.000
751LukeL RitterRitter2B751‌‌‌,NYM,7,13,1,1,0,0,0,0,0,4,0,0,.077,.077,.077,.154
751JoshJ RiveraRiveraSS751‌‌‌,TOR,2,2,1,0,0,0,0,0,0,0,0,0,.000,.000,.000,.000
751SebastiánS RiveroRiveroC751‌‌‌,LAA,6,9,2,1,0,0,0,0,2,4,0,0,.111,.273,.111,.384
751WillW RobertsonRobertsonLF751‌‌‌,TOR,3,5,2,1,0,0,0,0,1,2,0,0,.200,.333,.200,.533
751VictorV RoblesRoblesCF751‌‌‌,SEA,7,19,1,3,2,0,0,0,1,3,0,0,.158,.200,.263,.463
751CarsonC RoccaforteRoccaforteCF751‌‌‌,KC,1,1,0,0,0,0,0,0,0,0,0,0,.000,.000,.000,.000
751HectorH RodriguezRodriguezOF751‌‌‌,CIN,8,10,0,3,0,0,0,0,0,1,1,0,.300,.300,.300,.600
751YopheryY RodriguezRodriguezCF751‌‌‌,MIL,4,2,1,1,1,0,0,0,0,0,0,0,.500,.500,1.000,1.500
751JoshJ RojasRojas3B751‌‌‌,CWS,6,16,4,3,2,0,0,0,2,4,0,0,.188,.278,.313,.591
751MaxwellM Romero Jr.RomeroC751‌‌‌,WSH,2,2,0,1,0,0,0,0,0,1,0,0,.500,.500,.500,1.000
