,NAME,RBI,SEASON,TM,G,AB,R,H,2B,3B,HR,BB,HBP,SO,SB,CS,PA,TB,XBH,SH,SF,IBB,GIDP,AVG,OBP,SLG,OPS,WRC,WRAA,WOBA,WRC+,BRAA,_game_idx,_stat,_teams,_page_id,_sport
,Aaron JudgeA. Judge,85,2025,NYY,103,377,90,129,24,2,37,73,4,120,6,3,459,268,63,0,5,27,11,.342,.449,.711,1.160,111,57.2,.468,206,57.2,0,RBI,"['Yankees', 'Rangers']",24471b1c-663e-8033-a835-f16ec8455321,MLB
,Cody BellingerC. Bellinger,65,2025,NYY,103,402,62,111,20,5,20,32,1,58,9,2,440,201,45,0,5,1,4,.276,.327,.500,.827,65,13.7,.352,127,13.7,0,RBI,"['Yankees', 'Rangers']",24471b1c-663e-8033-a835-f16ec8455321,MLB
,Adolis GarcíaA. García,62,2025,TEX,107,401,43,89,20,0,15,23,4,112,10,3,435,154,35,0,7,0,6,.222,.267,.384,.651,40,-11.3,.281,78,-11.3,0,RBI,"['Yankees', 'Rangers']",24471b1c-663e-8033-a835-f16ec8455321,MLB
,Anthony VolpeA. Volpe,60,2025,NYY,111,398,51,88,23,4,17,36,4,106,14,7,445,170,44,1,6,0,7,.221,.288,.427,.715,50,-2,.308,96,-2,0,RBI,"['Yankees', 'Rangers']",24471b1c-663e-8033-a835-f16ec8455321,MLB
,Austin WellsA. Wells,56,2025,NYY,89,296,35,62,15,1,15,22,5,79,5,1,332,124,31,0,9,0,8,.209,.268,.419,.687,33,-5.4,.293,86,-5.4,0,RBI,"['Yankees', 'Rangers']",24471b1c-663e-8033-a835-f16ec8455321,MLB
,Marcus SemienM. Semien,55,2025,TEX,111,411,54,95,14,1,13,45,4,84,11,1,467,150,28,0,7,0,6,.231,.308,.365,.673,49,-5.9,.298,89,-5.9,0,RBI,"['Yankees', 'Rangers']",24471b1c-663e-8033-a835-f16ec8455321,MLB
,Jazz Chisholm Jr.J. Chisholm Jr.,51,2025,NYY,81,293,46,72,11,0,19,37,5,93,14,4,338,140,30,1,2,0,3,.246,.338,.478,.816,50,10.9,.354,127,10.9,0,RBI,"['Yankees', 'Rangers']",24471b1c-663e-8033-a835-f16ec8455321,MLB
,Trent GrishamT. Grisham,44,2025,NYY,95,317,54,79,9,1,20,51,2,79,1,1,371,150,30,1,0,0,4,.249,.357,.473,.830,58,14.5,.362,133,14.5,0,RBI,"['Yankees', 'Rangers']",24471b1c-663e-8033-a835-f16ec8455321,MLB
,Wyatt LangfordW. Langford,44,2025,TEX,91,347,46,84,16,0,15,39,2,108,15,5,391,145,31,0,3,2,6,.242,.320,.418,.738,48,2.2,.321,105,2.2,0,RBI,"['Yankees', 'Rangers']",24471b1c-663e-8033-a835-f16ec8455321,MLB
,Josh JungJ. Jung,40,2025,TEX,84,309,31,77,10,1,10,19,2,83,4,1,330,119,21,0,0,0,6,.249,.297,.385,.682,35,-3.8,.299,90,-3.8,0,RBI,"['Yankees', 'Rangers']",24471b1c-663e-8033-a835-f16ec8455321,MLB
,Paul GoldschmidtP. Goldschmidt,38,2025,NYY,105,375,59,104,24,1,8,31,2,78,5,1,409,154,33,0,1,5,7,.277,.335,.411,.746,51,3,.323,106,3,0,RBI,"['Yankees', 'Rangers']",24471b1c-663e-8033-a835-f16ec8455321,MLB
,Corey SeagerC. Seager,38,2025,TEX,79,294,44,78,15,0,15,47,4,71,1,0,347,138,30,0,2,9,12,.265,.372,.469,.841,53,12.6,.359,131,12.6,0,RBI,"['Yankees', 'Rangers']",24471b1c-663e-8033-a835-f16ec8455321,MLB
,Jasson DomínguezJ. Domínguez,37,2025,NYY,93,319,49,84,16,1,9,36,2,98,18,2,361,129,26,0,4,1,5,.263,.338,.404,.742,46,3.4,.325,108,3.4,0,RBI,"['Yankees', 'Rangers']",24471b1c-663e-8033-a835-f16ec8455321,MLB
,Jonah HeimJ. Heim,35,2025,TEX,89,295,25,64,12,0,9,18,1,73,3,0,318,103,21,1,3,0,6,.217,.262,.349,.611,25,-11.9,.267,68,-11.9,0,RBI,"['Yankees', 'Rangers']",24471b1c-663e-8033-a835-f16ec8455321,MLB
,Jake BurgerJ. Burger,35,2025,TEX,75,272,33,62,14,0,11,8,4,73,1,1,286,109,25,0,2,0,2,.228,.259,.401,.659,27,-6.8,.284,80,-6.8,0,RBI,"['Yankees', 'Rangers']",24471b1c-663e-8033-a835-f16ec8455321,MLB
,Ben RiceB. Rice,35,2025,NYY,93,303,49,70,18,2,16,34,9,68,3,2,347,140,36,0,1,0,8,.231,.326,.462,.788,49,8,.342,120,8,0,RBI,"['Yankees', 'Rangers']",24471b1c-663e-8033-a835-f16ec8455321,MLB
,Kyle HigashiokaK. Higashioka,30,2025,TEX,60,197,22,53,9,1,7,12,2,40,3,0,212,85,17,0,1,0,2,.269,.316,.431,.748,27,1.9,.325,108,1.9,0,RBI,"['Yankees', 'Rangers']",24471b1c-663e-8033-a835-f16ec8455321,MLB
,Josh SmithJ. Smith,29,2025,TEX,99,353,55,94,17,2,9,37,5,66,9,3,399,142,28,3,1,2,2,.266,.343,.402,.746,51,4.6,.328,110,4.6,0,RBI,"['Yankees', 'Rangers']",24471b1c-663e-8033-a835-f16ec8455321,MLB
,Giancarlo StantonG. Stanton,26,2025,NYY,35,123,17,33,3,0,9,11,1,45,0,0,135,63,12,0,0,1,1,.268,.333,.512,.846,21,5.2,.361,133,5.2,0,RBI,"['Yankees', 'Rangers']",24471b1c-663e-8033-a835-f16ec8455321,MLB
,Evan CarterE. Carter,21,2025,TEX,55,168,27,40,8,2,4,17,4,39,12,2,189,64,14,0,0,1,1,.238,.323,.381,.704,22,-0.5,.311,98,-0.5,0,RBI,"['Yankees', 'Rangers']",24471b1c-663e-8033-a835-f16ec8455321,MLB
,Oswald PerazaO. Peraza,13,2025,NYY,71,158,18,24,5,0,3,11,1,47,3,0,170,38,8,0,0,0,3,.152,.212,.241,.452,5,-14.8,.205,25,-14.9,0,RBI,"['Yankees', 'Rangers']",24471b1c-663e-8033-a835-f16ec8455321,MLB
,DJ LeMahieu,12,2025,NYY,45,128,13,34,3,0,2,14,0,35,0,0,142,43,5,0,0,0,4,.266,.338,.336,.674,16,-1.1,.304,94,-1.1,0,RBI,"['Yankees', 'Rangers']",24471b1c-663e-8033-a835-f16ec8455321,MLB
,Sam HaggertyS. Haggerty,12,2025,TEX,54,139,29,36,6,3,2,14,2,29,11,2,156,54,11,1,0,1,1,.259,.335,.388,.724,19,0.5,.318,103,0.5,0,RBI,"['Yankees', 'Rangers']",24471b1c-663e-8033-a835-f16ec8455321,MLB
,Oswaldo CabreraO. Cabrera,11,2025,NYY,34,107,17,26,4,0,1,11,2,25,0,1,122,33,5,1,1,0,1,.243,.322,.308,.631,12,-2.6,.287,82,-2.6,0,RBI,"['Yankees', 'Rangers']",24471b1c-663e-8033-a835-f16ec8455321,MLB
,J.C. Escarra,10,2025,NYY,39,83,5,17,5,0,2,11,1,14,1,0,97,28,7,0,2,0,1,.205,.299,.337,.636,9,-2.3,.284,80,-2.3,0,RBI,"['Yankees', 'Rangers']",24471b1c-663e-8033-a835-f16ec8455321,MLB
,,,,,,,,,,,,,,,,,,,,,,,,,,,,,,,,,0,RBI,"['Yankees', 'Rangers']",24471b1c-663e-8033-a835-f16ec8455321,MLB
,,,,,,,,,,,,,,,,,,,,,,,,,,,,,,,,,0,RBI,"['Yankees', 'Rangers']",24471b1c-663e-8033-a835-f16ec8455321,MLB
,,,,,,,,,,,,,,,,,,,,,,,,,,,,,,,,,0,RBI,"['Yankees', 'Rangers']",24471b1c-663e-8033-a835-f16ec8455321,MLB
,Riley GreeneR. Greene,84,2025,DET,109,424,59,115,23,1,26,28,2,145,1,1,456,218,50,0,2,1,9,.271,.318,.514,.832,68,15.1,.355,129,15.6,1,RBI,"['Twins', 'Tigers']",24471b1c-663e-8047-a9fa-d655c770d257,MLB
,Spencer TorkelsonS. Torkelson,63,2025,DET,106,384,60,90,23,0,23,46,9,110,2,1,444,182,46,0,5,5,10,.234,.327,.474,.801,62,9.9,.341,120,10.4,1,RBI,"['Twins', 'Tigers']",24471b1c-663e-8047-a9fa-d655c770d257,MLB
,Byron BuxtonB. Buxton,59,2025,MIN,85,326,68,92,14,4,23,29,4,97,17,0,364,183,41,0,5,2,0,.282,.343,.561,.905,62,19.7,.381,146,19.6,1,RBI,"['Twins', 'Tigers']",24471b1c-663e-8047-a9fa-d655c770d257,MLB
,Gleyber TorresG. Torres,54,2025,DET,99,358,57,99,17,0,13,55,4,58,4,1,422,155,30,0,5,0,8,.277,.374,.433,.807,64,14.2,.355,130,14.7,1,RBI,"['Twins', 'Tigers']",24471b1c-663e-8047-a9fa-d655c770d257,MLB
,Trevor LarnachT. Larnach,46,2025,MIN,102,363,47,88,15,1,13,38,3,90,2,3,408,144,29,0,4,1,13,.242,.316,.397,.713,47,-0.5,.312,99,-0.5,1,RBI,"['Twins', 'Tigers']",24471b1c-663e-8047-a9fa-d655c770d257,MLB
,Javier BáezJ. Báez,45,2025,DET,91,307,45,82,14,2,11,9,5,78,4,1,322,133,27,0,1,0,4,.267,.298,.433,.731,38,0.7,.316,103,1,1,RBI,"['Twins', 'Tigers']",24471b1c-663e-8047-a9fa-d655c770d257,MLB
,Ty FranceT. France,44,2025,MIN,101,350,41,88,19,0,6,19,17,63,1,0,387,125,25,0,1,0,8,.251,.320,.357,.678,42,-3.3,.303,93,-3.3,1,RBI,"['Twins', 'Tigers']",24471b1c-663e-8047-a9fa-d655c770d257,MLB
,Brooks LeeB. Lee,43,2025,MIN,92,320,28,79,10,0,10,16,3,66,2,1,342,119,20,0,3,0,8,.247,.287,.372,.658,33,-7.1,.288,82,-7.1,1,RBI,"['Twins', 'Tigers']",24471b1c-663e-8047-a9fa-d655c770d257,MLB
,Dillon DinglerD. Dingler,42,2025,DET,83,287,32,79,14,1,9,11,7,72,0,0,306,122,24,0,1,0,3,.275,.317,.425,.742,38,2.4,.323,108,2.7,1,RBI,"['Twins', 'Tigers']",24471b1c-663e-8047-a9fa-d655c770d257,MLB
,Harrison BaderH. Bader,38,2025,MIN,96,271,31,70,13,0,12,27,7,81,10,4,307,119,25,0,2,0,3,.258,.339,.439,.778,43,6.6,.340,118,6.6,1,RBI,"['Twins', 'Tigers']",24471b1c-663e-8047-a9fa-d655c770d257,MLB
,Zach McKinstryZ. McKinstry,37,2025,DET,100,328,53,87,16,8,9,39,4,81,17,3,376,146,33,1,4,1,3,.265,.347,.445,.792,53,8.9,.343,121,9.3,1,RBI,"['Twins', 'Tigers']",24471b1c-663e-8047-a9fa-d655c770d257,MLB
,Kerry CarpenterK. Carpenter,36,2025,DET,83,280,44,74,13,3,18,8,4,64,1,1,293,147,34,0,1,0,2,.264,.294,.525,.819,42,8,.347,124,8.3,1,RBI,"['Twins', 'Tigers']",24471b1c-663e-8047-a9fa-d655c770d257,MLB
,Ryan JeffersR. Jeffers,34,2025,MIN,88,295,34,75,19,0,7,34,5,62,0,0,334,115,26,0,0,1,8,.254,.341,.390,.731,42,2.9,.324,107,2.9,1,RBI,"['Twins', 'Tigers']",24471b1c-663e-8047-a9fa-d655c770d257,MLB
,Colt KeithC. Keith,33,2025,DET,100,298,46,77,16,2,9,37,1,68,0,1,339,124,27,0,3,0,6,.258,.339,.416,.755,45,4.8,.331,113,5.2,1,RBI,"['Twins', 'Tigers']",24471b1c-663e-8047-a9fa-d655c770d257,MLB
,Kody ClemensK. Clemens,32,2025,MIN,66,184,26,42,7,3,12,17,4,49,1,1,208,91,22,1,2,0,2,.228,.304,.495,.799,29,4.5,.341,119,4.5,1,RBI,"['Twins', 'Tigers']",24471b1c-663e-8047-a9fa-d655c770d257,MLB
,Carlos CorreaC. Correa,31,2025,MIN,93,337,40,90,19,0,7,26,0,68,0,0,364,130,26,0,1,0,12,.267,.319,.386,.704,42,-1.1,.310,97,-1.1,1,RBI,"['Twins', 'Tigers']",24471b1c-663e-8047-a9fa-d655c770d257,MLB
,Willi CastroW. Castro,27,2025,MIN,86,302,48,74,15,2,10,32,9,84,9,3,344,123,27,1,0,1,9,.245,.335,.407,.743,44,3.9,.328,110,3.9,1,RBI,"['Twins', 'Tigers']",24471b1c-663e-8047-a9fa-d655c770d257,MLB
,Trey SweeneyT. Sweeney,27,2025,DET,85,231,28,48,5,1,5,23,0,68,3,1,258,70,11,0,4,0,2,.208,.275,.303,.578,19,-11.4,.259,63,-11.1,1,RBI,"['Twins', 'Tigers']",24471b1c-663e-8047-a9fa-d655c770d257,MLB
,Matt WallnerM. Wallner,25,2025,MIN,70,219,29,47,10,3,14,31,3,74,0,2,255,105,27,0,2,0,1,.215,.318,.479,.797,36,5.9,.343,120,5.9,1,RBI,"['Twins', 'Tigers']",24471b1c-663e-8047-a9fa-d655c770d257,MLB
,Wenceel PérezW. Pérez,23,2025,DET,52,178,31,47,9,3,8,11,2,38,5,1,192,86,20,0,1,0,2,.264,.313,.483,.796,27,4.2,.341,120,4.4,1,RBI,"['Twins', 'Tigers']",24471b1c-663e-8047-a9fa-d655c770d257,MLB
,Royce LewisR. Lewis,22,2025,MIN,56,193,21,48,12,0,5,15,0,29,1,0,209,75,17,0,1,0,4,.249,.301,.389,.690,23,-2,.302,92,-2,1,RBI,"['Twins', 'Tigers']",24471b1c-663e-8047-a9fa-d655c770d257,MLB
,Andy IbáñezA. Ibáñez,17,2025,DET,50,105,16,25,6,0,3,7,4,16,3,0,117,40,9,0,1,0,5,.238,.308,.381,.689,13,-0.9,.304,94,-0.8,1,RBI,"['Twins', 'Tigers']",24471b1c-663e-8047-a9fa-d655c770d257,MLB
,Justyn-Henry MalloyJ. Malloy,16,2025,DET,46,96,13,20,4,0,1,19,1,31,0,0,118,27,5,0,2,0,1,.208,.339,.281,.620,12,-2.2,.290,85,-2.1,1,RBI,"['Twins', 'Tigers']",24471b1c-663e-8047-a9fa-d655c770d257,MLB
,Christian VázquezC. Vázquez,13,2025,MIN,60,175,12,31,7,0,2,15,3,33,0,1,195,44,9,0,2,0,3,.177,.251,.251,.503,10,-13.1,.230,43,-13.1,1,RBI,"['Twins', 'Tigers']",24471b1c-663e-8047-a9fa-d655c770d257,MLB
,Jake RogersJ. Rogers,13,2025,DET,30,80,11,15,2,1,3,12,0,25,0,0,94,28,6,1,1,0,0,.188,.290,.350,.640,9,-2.2,.285,81,-2.1,1,RBI,"['Twins', 'Tigers']",24471b1c-663e-8047-a9fa-d655c770d257,MLB
,,,,,,,,,,,,,,,,,,,,,,,,,,,,,,,,,1,RBI,"['Twins', 'Tigers']",24471b1c-663e-8047-a9fa-d655c770d257,MLB
,,,,,,,,,,,,,,,,,,,,,,,,,,,,,,,,,1,RBI,"['Twins', 'Tigers']",24471b1c-663e-8047-a9fa-d655c770d257,MLB
,,,,,,,,,,,,,,,,,,,,,,,,,,,,,,,,,1,RBI,"['Twins', 'Tigers']",24471b1c-663e-8047-a9fa-d655c770d257,MLB
,Kyle StowersK. Stowers,71,2025,MIA,105,355,55,105,18,3,25,41,5,115,5,1,406,204,46,1,4,3,6,.296,.373,.575,.947,76,28.2,.400,157,27.3,2,RBI,"['Astros', 'Marlins']",24471b1c-663e-80a6-8341-cb5bf8b45916,MLB
,Christian WalkerC. Walker,58,2025,HOU,106,403,45,96,16,1,15,29,9,117,1,1,445,159,32,0,4,0,9,.238,.301,.395,.696,49,-3.2,.305,95,-2.7,2,RBI,"['Astros', 'Marlins']",24471b1c-663e-80a6-8341-cb5bf8b45916,MLB
,Jose AltuveJ. Altuve,57,2025,HOU,108,414,59,116,17,1,18,39,2,74,6,6,460,189,36,0,5,4,13,.280,.341,.457,.798,65,10.8,.343,121,11.3,2,RBI,"['Astros', 'Marlins']",24471b1c-663e-80a6-8341-cb5bf8b45916,MLB
,Otto LopezO. Lopez,55,2025,MIA,94,352,46,88,14,0,11,35,3,55,11,5,391,135,25,0,1,2,5,.250,.322,.384,.706,45,-0.9,.311,96,-1.8,2,RBI,"['Astros', 'Marlins']",24471b1c-663e-80a6-8341-cb5bf8b45916,MLB
,Isaac ParedesI. Paredes,50,2025,HOU,94,351,51,91,15,1,19,49,7,67,0,1,409,165,35,0,2,0,8,.259,.359,.470,.829,64,15.8,.362,134,16.3,2,RBI,"['Astros', 'Marlins']",24471b1c-663e-80a6-8341-cb5bf8b45916,MLB
,Agustín RamírezA. Ramírez,50,2025,MIA,86,344,48,83,24,1,17,22,0,72,5,2,367,160,42,0,1,1,10,.241,.286,.465,.751,45,2.1,.321,103,1.2,2,RBI,"['Astros', 'Marlins']",24471b1c-663e-80a6-8341-cb5bf8b45916,MLB
,Yainer DiazY. Diaz,45,2025,HOU,99,377,40,95,15,1,15,15,2,66,1,1,397,157,31,0,3,1,9,.252,.282,.416,.699,42,-4.3,.300,92,-3.8,2,RBI,"['Astros', 'Marlins']",24471b1c-663e-80a6-8341-cb5bf8b45916,MLB
,Cam SmithC. Smith,45,2025,HOU,96,345,39,87,18,2,7,32,5,107,5,1,383,130,27,0,1,0,10,.252,.324,.377,.701,44,-0.9,.311,99,-0.5,2,RBI,"['Astros', 'Marlins']",24471b1c-663e-80a6-8341-cb5bf8b45916,MLB
,Jeremy PeñaJ. Peña,40,2025,HOU,84,326,48,105,18,1,11,20,10,57,15,2,359,158,30,1,2,1,6,.322,.377,.485,.862,59,17.4,.374,142,17.9,2,RBI,"['Astros', 'Marlins']",24471b1c-663e-80a6-8341-cb5bf8b45916,MLB
,Victor CaratiniV. Caratini,36,2025,HOU,79,262,27,70,11,0,10,13,7,48,1,0,287,111,21,0,5,0,8,.267,.314,.424,.737,35,1.4,.320,105,1.7,2,RBI,"['Astros', 'Marlins']",24471b1c-663e-80a6-8341-cb5bf8b45916,MLB
,Jesús SánchezJ. Sánchez,36,2025,TOT,89,316,40,81,13,4,10,30,1,72,9,2,349,132,27,0,2,1,8,.256,.321,.418,.739,43,2.1,.321,103,1.3,2,RBI,"['Astros', 'Marlins']",24471b1c-663e-80a6-8341-cb5bf8b45916,MLB
,Eric WagamanE. Wagaman,34,2025,MIA,99,356,35,83,21,1,5,22,1,71,3,1,383,121,27,0,4,0,10,.233,.277,.340,.617,32,-13.2,.271,68,-14.2,2,RBI,"['Astros', 'Marlins']",24471b1c-663e-80a6-8341-cb5bf8b45916,MLB
,Liam HicksL. Hicks,33,2025,MIA,76,201,20,52,9,1,4,26,5,39,0,0,238,75,14,3,3,0,3,.259,.353,.373,.726,30,2.1,.325,106,1.6,2,RBI,"['Astros', 'Marlins']",24471b1c-663e-80a6-8341-cb5bf8b45916,MLB
,Xavier EdwardsX. Edwards,29,2025,MIA,94,380,52,112,17,3,1,39,1,61,17,7,425,138,21,3,2,2,4,.295,.360,.363,.723,52,2.7,.321,103,1.7,2,RBI,"['Astros', 'Marlins']",24471b1c-663e-80a6-8341-cb5bf8b45916,MLB
,Connor NorbyC. Norby,26,2025,MIA,72,253,33,61,11,1,6,14,4,73,7,2,273,92,18,0,2,0,2,.241,.289,.364,.653,26,-5.9,.287,80,-6.5,2,RBI,"['Astros', 'Marlins']",24471b1c-663e-80a6-8341-cb5bf8b45916,MLB
,Dane MyersD. Myers,25,2025,MIA,81,244,25,61,8,0,5,18,2,60,16,5,265,84,13,0,1,0,9,.250,.306,.344,.650,26,-5.2,.289,81,-5.8,2,RBI,"['Astros', 'Marlins']",24471b1c-663e-80a6-8341-cb5bf8b45916,MLB
,Mauricio DubónM. Dubón,23,2025,HOU,88,252,30,66,16,0,6,17,1,27,3,0,273,100,22,2,1,0,8,.262,.310,.397,.707,31,-1,.309,98,-0.7,2,RBI,"['Astros', 'Marlins']",24471b1c-663e-80a6-8341-cb5bf8b45916,MLB
,Javier SanojaJ. Sanoja,23,2025,MIA,77,201,29,50,13,3,3,13,0,31,3,5,222,78,19,4,4,0,1,.249,.289,.388,.677,22,-3.9,.292,83,-4.4,2,RBI,"['Astros', 'Marlins']",24471b1c-663e-80a6-8341-cb5bf8b45916,MLB
,Jake MeyersJ. Meyers,21,2025,HOU,89,289,47,89,15,2,3,27,2,58,14,5,322,117,20,2,2,0,8,.308,.369,.405,.774,45,7.3,.342,120,7.7,2,RBI,"['Astros', 'Marlins']",24471b1c-663e-80a6-8341-cb5bf8b45916,MLB
,Yordan AlvarezY. Alvarez,18,2025,HOU,29,100,7,21,4,0,3,16,0,21,1,0,121,34,7,0,5,3,0,.210,.306,.340,.646,10,-3.7,.276,75,-3.5,2,RBI,"['Astros', 'Marlins']",24471b1c-663e-80a6-8341-cb5bf8b45916,MLB
,Heriberto HernándezH. Hernández,18,2025,MIA,40,110,17,32,5,0,5,11,0,35,0,0,122,52,10,0,1,0,1,.291,.352,.473,.825,19,4.3,.357,128,4,2,RBI,"['Astros', 'Marlins']",24471b1c-663e-80a6-8341-cb5bf8b45916,MLB
,Matt MervisM. Mervis,14,2025,MIA,42,120,15,21,4,0,7,11,2,50,0,0,134,46,11,0,1,1,1,.175,.254,.383,.637,12,-4.2,.275,71,-4.5,2,RBI,"['Astros', 'Marlins']",24471b1c-663e-80a6-8341-cb5bf8b45916,MLB
,Brendan RodgersB. Rodgers,11,2025,HOU,43,115,12,22,4,0,2,11,1,46,0,1,128,32,6,0,1,0,2,.191,.266,.278,.544,8,-6.9,.247,55,-6.7,2,RBI,"['Astros', 'Marlins']",24471b1c-663e-80a6-8341-cb5bf8b45916,MLB
,Nick FortesN. Fortes,10,2025,MIA,59,129,11,31,6,1,2,7,2,22,0,0,141,45,9,2,1,0,4,.240,.288,.349,.637,13,-3.8,.280,75,-4.1,2,RBI,"['Astros', 'Marlins']",24471b1c-663e-80a6-8341-cb5bf8b45916,MLB
,Zach DezenzoZ. Dezenzo,10,2025,HOU,34,98,17,24,6,0,2,11,0,37,1,0,109,36,8,0,0,0,2,.245,.321,.367,.688,12,-0.6,.306,96,-0.5,2,RBI,"['Astros', 'Marlins']",24471b1c-663e-80a6-8341-cb5bf8b45916,MLB
,,,,,,,,,,,,,,,,,,,,,,,,,,,,,,,,,2,RBI,"['Astros', 'Marlins']",24471b1c-663e-80a6-8341-cb5bf8b45916,MLB
,,,,,,,,,,,,,,,,,,,,,,,,,,,,,,,,,2,RBI,"['Astros', 'Marlins']",24471b1c-663e-80a6-8341-cb5bf8b45916,MLB
,,,,,,,,,,,,,,,,,,,,,,,,,,,,,,,,,2,RBI,"['Astros', 'Marlins']",24471b1c-663e-80a6-8341-cb5bf8b45916,MLB
,Willy AdamesW. Adames,59,2025,SFG,111,414,66,96,18,2,17,51,3,122,4,2,474,169,37,0,6,1,6,.232,.316,.408,.725,57,1,.316,105,2.7,3,RBI,"['Giants', 'Pirates']",24471b1c-663e-80b0-8d24-d70098dae076,MLB
,Wilmer FloresW. Flores,59,2025,SFG,97,342,36,85,9,0,12,30,6,68,1,0,380,130,21,0,2,0,14,.249,.318,.380,.699,43,-1.3,.310,100,0.1,3,RBI,"['Giants', 'Pirates']",24471b1c-663e-80b0-8d24-d70098dae076,MLB
,Bryan ReynoldsB. Reynolds,52,2025,PIT,104,410,41,98,23,2,10,32,3,119,3,2,448,155,35,0,3,1,11,.239,.297,.378,.675,46,-6.7,.295,85,-7.8,3,RBI,"['Giants', 'Pirates']",24471b1c-663e-80b0-8d24-d70098dae076,MLB
,Heliot RamosH. Ramos,51,2025,SFG,110,425,59,114,20,1,14,39,13,112,6,4,483,178,35,0,6,2,10,.268,.344,.419,.763,64,7.7,.333,116,9.3,3,RBI,"['Giants', 'Pirates']",24471b1c-663e-80b0-8d24-d70098dae076,MLB
,Oneil CruzO. Cruz,48,2025,PIT,99,361,56,78,16,2,18,51,3,134,34,4,420,152,36,0,5,4,6,.216,.314,.421,.735,50,1.3,.317,101,0.3,3,RBI,"['Giants', 'Pirates']",24471b1c-663e-80b0-8d24-d70098dae076,MLB
,Jung Hoo LeeJ. Hoo Lee,44,2025,SFG,106,399,54,103,25,8,6,38,5,46,8,2,446,162,39,0,4,0,2,.258,.327,.406,.733,55,2.5,.321,108,4,3,RBI,"['Giants', 'Pirates']",24471b1c-663e-80b0-8d24-d70098dae076,MLB
,Matt ChapmanM. Chapman,42,2025,SFG,88,317,52,73,14,2,16,50,5,92,7,2,372,139,32,0,0,0,6,.230,.344,.438,.783,53,9.2,.344,124,10.5,3,RBI,"['Giants', 'Pirates']",24471b1c-663e-80b0-8d24-d70098dae076,MLB
,Andrew McCutchenA. McCutchen,39,2025,PIT,97,354,37,87,15,0,11,40,2,88,1,1,399,135,26,0,3,1,6,.246,.323,.381,.705,46,-0.8,.311,96,-1.8,3,RBI,"['Giants', 'Pirates']",24471b1c-663e-80b0-8d24-d70098dae076,MLB
,Ke'Bryan HayesK. Hayes,36,2025,PIT,100,369,34,87,10,2,2,18,4,81,10,2,392,107,14,1,0,1,8,.236,.279,.290,.569,27,-18.9,.254,57,-19.8,3,RBI,"['Giants', 'Pirates']",24471b1c-663e-80b0-8d24-d70098dae076,MLB
,Patrick BaileyP. Bailey,31,2025,SFG,89,268,28,56,14,2,2,21,2,89,0,0,300,80,18,4,5,0,4,.209,.267,.299,.565,20,-15,.252,60,-14,3,RBI,"['Giants', 'Pirates']",24471b1c-663e-80b0-8d24-d70098dae076,MLB
,Isiah Kiner-FalefaI. Kiner-Falefa,29,2025,PIT,96,322,32,88,14,2,1,15,4,57,13,3,345,109,17,3,1,0,6,.273,.313,.339,.651,34,-6.8,.289,81,-7.6,3,RBI,"['Giants', 'Pirates']",24471b1c-663e-80b0-8d24-d70098dae076,MLB
,Tommy PhamT. Pham,29,2025,PIT,78,250,28,68,12,1,4,27,1,63,3,1,281,94,17,0,3,2,8,.272,.342,.376,.718,33,0.4,.315,99,-0.3,3,RBI,"['Giants', 'Pirates']",24471b1c-663e-80b0-8d24-d70098dae076,MLB
,Mike YastrzemskiM. Yastrzemski,28,2025,SFG,96,321,38,74,14,1,8,47,1,86,6,2,372,114,23,2,1,4,4,.231,.330,.355,.685,41,-3,.304,96,-1.7,3,RBI,"['Giants', 'Pirates']",24471b1c-663e-80b0-8d24-d70098dae076,MLB
,Spencer HorwitzS. Horwitz,25,2025,PIT,60,211,25,53,13,0,3,23,1,51,0,0,236,75,16,0,1,1,5,.251,.326,.355,.682,26,-2.1,.303,91,-2.6,3,RBI,"['Giants', 'Pirates']",24471b1c-663e-80b0-8d24-d70098dae076,MLB
,Adam FrazierA. Frazier,21,2025,PIT,78,235,22,60,10,0,3,17,6,45,7,5,262,79,13,1,3,2,8,.255,.318,.336,.654,26,-5.1,.290,81,-5.7,3,RBI,"['Giants', 'Pirates']",24471b1c-663e-80b0-8d24-d70098dae076,MLB
,Casey SchmittC. Schmitt,21,2025,SFG,53,166,18,42,8,0,6,15,3,43,0,0,185,68,14,1,0,0,4,.253,.326,.410,.736,23,1.6,.324,110,2.2,3,RBI,"['Giants', 'Pirates']",24471b1c-663e-80b0-8d24-d70098dae076,MLB
,Rafael DeversR. Devers,19,2025,SFG,40,150,16,35,9,0,5,23,1,56,0,0,176,59,14,0,2,1,5,.233,.335,.393,.729,22,1,.320,108,1.6,3,RBI,"['Giants', 'Pirates']",24471b1c-663e-80b0-8d24-d70098dae076,MLB
,Dominic SmithD. Smith,17,2025,SFG,36,108,13,29,6,0,3,11,2,22,2,0,123,44,9,0,2,0,3,.269,.341,.407,.749,16,1.5,.329,113,1.9,3,RBI,"['Giants', 'Pirates']",24471b1c-663e-80b0-8d24-d70098dae076,MLB
,Joey BartJ. Bart,17,2025,PIT,65,206,15,50,7,1,1,32,4,65,1,0,242,62,9,0,0,0,11,.243,.355,.301,.656,27,-1.7,.305,92,-2.3,3,RBI,"['Giants', 'Pirates']",24471b1c-663e-80b0-8d24-d70098dae076,MLB
,Nick GonzalesN. Gonzales,16,2025,PIT,48,188,21,49,7,2,5,14,1,35,0,1,204,75,14,0,1,0,5,.261,.314,.399,.713,24,-0.3,.312,97,-0.8,3,RBI,"['Giants', 'Pirates']",24471b1c-663e-80b0-8d24-d70098dae076,MLB
,LaMonte Wade Jr.L. Wade Jr.,15,2025,SFG,50,144,12,24,8,2,1,21,1,35,0,0,169,39,11,2,1,1,2,.167,.275,.271,.546,11,-8.8,.249,59,-8.2,3,RBI,"['Giants', 'Pirates']",24471b1c-663e-80b0-8d24-d70098dae076,MLB
,Tyler FitzgeraldT. Fitzgerald,13,2025,SFG,63,198,18,45,10,1,3,15,2,62,9,4,222,66,14,6,1,0,3,.227,.287,.333,.620,19,-6.8,.276,77,-6,3,RBI,"['Giants', 'Pirates']",24471b1c-663e-80b0-8d24-d70098dae076,MLB
,Alexander CanarioA. Canario,13,2025,PIT,57,158,19,33,5,1,3,16,0,56,2,1,174,49,9,0,0,0,3,.209,.282,.310,.592,14,-6.7,.266,65,-7.1,3,RBI,"['Giants', 'Pirates']",24471b1c-663e-80b0-8d24-d70098dae076,MLB
,Henry DavisH. Davis,13,2025,PIT,55,158,17,27,5,0,4,15,3,44,0,1,179,44,9,2,1,0,0,.171,.254,.278,.533,11,-10.3,.243,49,-10.7,3,RBI,"['Giants', 'Pirates']",24471b1c-663e-80b0-8d24-d70098dae076,MLB
,Luis MatosL. Matos,13,2025,SFG,40,114,13,19,6,0,5,6,0,19,2,0,120,40,11,0,0,0,5,.167,.208,.351,.559,7,-7,.242,53,-6.5,3,RBI,"['Giants', 'Pirates']",24471b1c-663e-80b0-8d24-d70098dae076,MLB
,,,,,,,,,,,,,,,,,,,,,,,,,,,,,,,,,3,RBI,"['Giants', 'Pirates']",24471b1c-663e-80b0-8d24-d70098dae076,MLB
,,,,,,,,,,,,,,,,,,,,,,,,,,,,,,,,,3,RBI,"['Giants', 'Pirates']",24471b1c-663e-80b0-8d24-d70098dae076,MLB
,,,,,,,,,,,,,,,,,,,,,,,,,,,,,,,,,3,RBI,"['Giants', 'Pirates']",24471b1c-663e-80b0-8d24-d70098dae076,MLB
,Kyle SchwarberK. Schwarber,87,2025,PHI,110,407,76,102,16,1,37,74,8,131,10,2,489,231,54,0,0,5,1,.251,.376,.568,.944,91,34,.400,159,34,4,RBI,"['Orioles', 'Phillies']",24471b1c-663e-8007-b449-e7d7363745e7,MLB
,Nick CastellanosN. Castellanos,60,2025,PHI,108,414,53,111,23,1,15,23,3,93,4,0,444,181,39,0,4,0,9,.268,.309,.437,.746,55,3,.322,106,3,4,RBI,"['Orioles', 'Phillies']",24471b1c-663e-8007-b449-e7d7363745e7,MLB
,Cedric MullinsC. Mullins,49,2025,BAL,91,314,42,72,19,0,15,34,2,85,14,4,355,136,34,1,4,0,2,.229,.305,.433,.738,43,1.8,.320,106,2.6,4,RBI,"['Orioles', 'Phillies']",24471b1c-663e-8007-b449-e7d7363745e7,MLB
,Bryce HarperB. Harper,47,2025,PHI,82,308,50,83,24,0,16,49,4,73,10,0,363,155,40,0,2,3,3,.269,.375,.503,.878,61,18.6,.377,144,18.5,4,RBI,"['Orioles', 'Phillies']",24471b1c-663e-8007-b449-e7d7363745e7,MLB
,Ramón LaureanoR. Laureano,46,2025,BAL,82,259,45,75,17,0,15,22,6,72,4,3,290,137,32,0,3,1,6,.290,.355,.529,.884,49,14.9,.377,146,15.5,4,RBI,"['Orioles', 'Phillies']",24471b1c-663e-8007-b449-e7d7363745e7,MLB
,Gunnar HendersonG. Henderson,46,2025,BAL,104,393,63,112,25,4,13,40,3,97,14,3,437,184,42,0,1,4,7,.285,.355,.468,.823,66,14.3,.354,130,15.4,4,RBI,"['Orioles', 'Phillies']",24471b1c-663e-8007-b449-e7d7363745e7,MLB
,Trea TurnerT. Turner,45,2025,PHI,108,448,72,128,23,3,11,33,4,83,25,6,487,190,37,0,2,1,8,.286,.339,.424,.763,65,7.5,.333,113,7.5,4,RBI,"['Orioles', 'Phillies']",24471b1c-663e-8007-b449-e7d7363745e7,MLB
,Ryan O'HearnR. O'Hearn,43,2025,BAL,94,311,45,88,15,1,13,42,5,63,3,1,361,144,29,0,3,3,10,.283,.374,.463,.837,57,14.3,.363,136,15.2,4,RBI,"['Orioles', 'Phillies']",24471b1c-663e-8007-b449-e7d7363745e7,MLB
,Bryson StottB. Stott,43,2025,PHI,99,346,43,81,12,2,7,38,1,66,17,3,390,118,21,2,3,0,3,.234,.309,.341,.650,38,-7.3,.290,84,-7.3,4,RBI,"['Orioles', 'Phillies']",24471b1c-663e-8007-b449-e7d7363745e7,MLB
,Jackson HollidayJ. Holliday,43,2025,BAL,103,409,48,106,15,2,14,24,5,102,11,8,439,167,31,0,1,0,3,.259,.308,.408,.716,51,-0.3,.313,101,0.7,4,RBI,"['Orioles', 'Phillies']",24471b1c-663e-8007-b449-e7d7363745e7,MLB
,Alec BohmA. Bohm,42,2025,PHI,92,353,39,98,12,2,8,22,4,62,2,0,383,138,22,0,4,0,13,.278,.324,.391,.715,45,-0.1,.313,100,-0.1,4,RBI,"['Orioles', 'Phillies']",24471b1c-663e-8007-b449-e7d7363745e7,MLB
,J.T. Realmuto,39,2025,PHI,91,349,40,94,20,1,7,24,2,91,6,2,375,137,28,0,0,1,11,.269,.320,.393,.713,44,-0.4,.312,99,-0.4,4,RBI,"['Orioles', 'Phillies']",24471b1c-663e-8007-b449-e7d7363745e7,MLB
,Ramón UríasR. Urías,34,2025,BAL,77,258,27,64,12,0,8,21,2,60,2,0,290,100,20,0,9,0,5,.248,.300,.388,.688,30,-3.7,.298,91,-3,4,RBI,"['Orioles', 'Phillies']",24471b1c-663e-8007-b449-e7d7363745e7,MLB
,Max KeplerM. Kepler,33,2025,PHI,95,307,40,62,14,0,11,39,3,69,1,0,353,109,25,1,3,3,8,.202,.295,.355,.651,34,-7.8,.286,81,-7.8,4,RBI,"['Orioles', 'Phillies']",24471b1c-663e-8007-b449-e7d7363745e7,MLB
,Jordan WestburgJ. Westburg,27,2025,BAL,59,232,45,63,9,1,12,11,4,56,1,2,247,110,22,0,0,0,4,.272,.316,.474,.790,34,5.5,.341,121,6,4,RBI,"['Orioles', 'Phillies']",24471b1c-663e-8007-b449-e7d7363745e7,MLB
,Edmundo SosaE. Sosa,25,2025,PHI,59,158,17,42,9,1,4,8,2,38,1,0,170,65,14,1,1,0,3,.266,.308,.411,.719,20,-0.1,.313,99,-0.1,4,RBI,"['Orioles', 'Phillies']",24471b1c-663e-8007-b449-e7d7363745e7,MLB
,Adley RutschmanA. Rutschman,25,2025,BAL,73,262,33,61,14,1,8,33,1,47,0,0,298,101,23,0,2,0,7,.233,.319,.385,.704,34,-0.6,.311,100,0.1,4,RBI,"['Orioles', 'Phillies']",24471b1c-663e-8007-b449-e7d7363745e7,MLB
,Gary SánchezG. Sánchez,24,2025,BAL,29,91,13,21,2,0,5,4,5,27,0,0,101,38,7,0,1,0,2,.231,.297,.418,.715,12,-0.1,.312,101,0.1,4,RBI,"['Orioles', 'Phillies']",24471b1c-663e-8007-b449-e7d7363745e7,MLB
,Brandon MarshB. Marsh,24,2025,PHI,88,240,36,63,12,1,5,27,0,67,5,1,273,92,18,3,3,0,1,.263,.333,.383,.717,33,0.6,.316,102,0.6,4,RBI,"['Orioles', 'Phillies']",24471b1c-663e-8007-b449-e7d7363745e7,MLB
,Tyler O'NeillT. O'Neill,21,2025,BAL,41,138,19,29,6,1,7,15,3,39,2,0,159,58,14,0,3,1,2,.210,.296,.420,.716,18,-0.8,.308,98,-0.4,4,RBI,"['Orioles', 'Phillies']",24471b1c-663e-8007-b449-e7d7363745e7,MLB
,Colton CowserC. Cowser,21,2025,BAL,52,183,22,39,8,0,9,13,5,62,6,0,201,74,17,0,0,0,3,.213,.284,.404,.688,22,-2,.301,93,-1.5,4,RBI,"['Orioles', 'Phillies']",24471b1c-663e-8007-b449-e7d7363745e7,MLB
,Heston KjerstadH. Kjerstad,19,2025,BAL,54,156,16,30,5,2,4,6,4,45,1,0,167,51,11,0,1,0,9,.192,.240,.327,.566,11,-8.8,.249,57,-8.4,4,RBI,"['Orioles', 'Phillies']",24471b1c-663e-8007-b449-e7d7363745e7,MLB
,Johan RojasJ. Rojas,18,2025,PHI,71,152,23,34,3,2,1,13,0,40,12,2,172,44,6,4,3,0,2,.224,.280,.289,.569,12,-8.2,.255,59,-8.2,4,RBI,"['Orioles', 'Phillies']",24471b1c-663e-8007-b449-e7d7363745e7,MLB
,Otto KempO. Kemp,17,2025,PHI,40,129,16,31,7,0,4,6,6,41,1,2,142,50,11,0,1,0,2,.240,.303,.388,.690,16,-1.1,.304,93,-1.1,4,RBI,"['Orioles', 'Phillies']",24471b1c-663e-8007-b449-e7d7363745e7,MLB
,Ryan MountcastleR. Mountcastle,15,2025,BAL,52,187,19,46,13,0,2,8,2,46,1,0,200,65,15,0,3,0,6,.246,.280,.348,.628,17,-6.4,.274,75,-5.9,4,RBI,"['Orioles', 'Phillies']",24471b1c-663e-8007-b449-e7d7363745e7,MLB
,,,,,,,,,,,,,,,,,,,,,,,,,,,,,,,,,4,RBI,"['Orioles', 'Phillies']",24471b1c-663e-8007-b449-e7d7363745e7,MLB
,,,,,,,,,,,,,,,,,,,,,,,,,,,,,,,,,4,RBI,"['Orioles', 'Phillies']",24471b1c-663e-8007-b449-e7d7363745e7,MLB
,,,,,,,,,,,,,,,,,,,,,,,,,,,,,,,,,4,RBI,"['Orioles', 'Phillies']",24471b1c-663e-8007-b449-e7d7363745e7,MLB
,Pete AlonsoP. Alonso,86,2025,NYM,112,416,57,108,27,1,24,50,12,112,1,2,484,209,52,0,6,4,17,.260,.351,.502,.854,76,19.7,.364,139,21.9,5,RBI,"['Guardians', 'Mets']",24471b1c-663e-801e-9b30-c5708ed7fdc6,MLB
,Francisco LindorF. Lindor,64,2025,NYM,110,446,71,112,21,0,21,36,11,95,17,2,499,196,42,0,6,2,5,.251,.319,.439,.758,64,5.6,.328,114,7.9,5,RBI,"['Guardians', 'Mets']",24471b1c-663e-801e-9b30-c5708ed7fdc6,MLB
,Brandon NimmoB. Nimmo,63,2025,NYM,108,407,56,106,21,0,19,34,7,93,12,1,451,184,40,0,3,1,5,.260,.326,.452,.778,61,8.5,.337,120,10.6,5,RBI,"['Guardians', 'Mets']",24471b1c-663e-801e-9b30-c5708ed7fdc6,MLB
,Juan SotoJ. Soto,63,2025,NYM,110,392,75,97,16,0,25,84,2,92,16,1,483,188,41,1,4,10,15,.247,.380,.480,.859,78,21.1,.368,141,23.3,5,RBI,"['Guardians', 'Mets']",24471b1c-663e-801e-9b30-c5708ed7fdc6,MLB
,José RamírezJ. Ramírez,61,2025,CLE,108,407,71,123,21,2,23,46,6,47,32,7,464,217,46,0,5,16,3,.302,.377,.533,.910,79,24.6,.379,146,25.1,5,RBI,"['Guardians', 'Mets']",24471b1c-663e-801e-9b30-c5708ed7fdc6,MLB
,Kyle ManzardoK. Manzardo,48,2025,CLE,95,311,30,73,13,2,18,33,3,90,1,0,351,144,33,0,4,1,5,.235,.311,.463,.774,46,5.1,.332,113,5.5,5,RBI,"['Guardians', 'Mets']",24471b1c-663e-801e-9b30-c5708ed7fdc6,MLB
,Carlos SantanaC. Santana,46,2025,CLE,103,361,44,83,8,0,11,47,3,77,6,0,415,124,19,0,4,1,7,.230,.320,.343,.664,43,-5.4,.298,90,-4.9,5,RBI,"['Guardians', 'Mets']",24471b1c-663e-801e-9b30-c5708ed7fdc6,MLB
,Steven KwanS. Kwan,38,2025,CLE,105,416,54,117,20,1,9,40,3,40,11,2,466,166,30,1,6,1,2,.281,.344,.399,.743,59,4.7,.326,110,5.2,5,RBI,"['Guardians', 'Mets']",24471b1c-663e-801e-9b30-c5708ed7fdc6,MLB
,Angel MartínezA. Martínez,38,2025,CLE,94,323,41,77,19,1,9,13,3,78,6,2,346,125,29,3,4,0,7,.238,.271,.387,.658,32,-8.2,.284,81,-7.8,5,RBI,"['Guardians', 'Mets']",24471b1c-663e-801e-9b30-c5708ed7fdc6,MLB
,Brett BatyB. Baty,34,2025,NYM,89,263,32,60,9,2,11,23,1,71,5,0,290,106,22,0,3,0,5,.228,.290,.403,.693,31,-3,.301,95,-1.6,5,RBI,"['Guardians', 'Mets']",24471b1c-663e-801e-9b30-c5708ed7fdc6,MLB
,Gabriel AriasG. Arias,34,2025,CLE,85,284,29,67,19,0,7,20,5,96,4,3,312,107,26,1,2,0,6,.236,.296,.377,.673,32,-4.5,.296,89,-4.2,5,RBI,"['Guardians', 'Mets']",24471b1c-663e-801e-9b30-c5708ed7fdc6,MLB
,Jeff McNeilJ. McNeil,33,2025,NYM,76,238,25,60,11,4,9,34,5,27,2,0,281,106,24,1,3,4,4,.252,.354,.445,.799,40,6.8,.344,125,8.1,5,RBI,"['Guardians', 'Mets']",24471b1c-663e-801e-9b30-c5708ed7fdc6,MLB
,Mark VientosM. Vientos,31,2025,NYM,78,276,24,65,13,2,7,18,2,72,0,0,298,103,22,0,2,0,7,.236,.285,.373,.658,29,-6.2,.288,86,-4.8,5,RBI,"['Guardians', 'Mets']",24471b1c-663e-801e-9b30-c5708ed7fdc6,MLB
,Daniel SchneemannD. Schneemann,29,2025,CLE,90,257,36,60,14,0,10,31,1,70,8,2,291,104,24,1,1,1,4,.233,.317,.405,.722,35,0.6,.316,103,1,5,RBI,"['Guardians', 'Mets']",24471b1c-663e-801e-9b30-c5708ed7fdc6,MLB
,Nolan JonesN. Jones,28,2025,CLE,100,268,25,58,11,2,3,35,4,82,7,3,311,82,16,1,3,1,5,.216,.313,.306,.619,28,-8.3,.281,78,-7.9,5,RBI,"['Guardians', 'Mets']",24471b1c-663e-801e-9b30-c5708ed7fdc6,MLB
,Bo NaylorB. Naylor,27,2025,CLE,84,248,35,45,14,1,11,36,1,73,1,2,289,94,26,1,3,0,4,.181,.285,.379,.664,29,-5,.292,86,-4.7,5,RBI,"['Guardians', 'Mets']",24471b1c-663e-801e-9b30-c5708ed7fdc6,MLB
,Brayan RocchioB. Rocchio,25,2025,CLE,64,179,17,40,13,1,1,10,5,39,2,4,202,58,15,4,4,0,3,.223,.278,.324,.602,16,-7.8,.266,68,-7.6,5,RBI,"['Guardians', 'Mets']",24471b1c-663e-801e-9b30-c5708ed7fdc6,MLB
,Starling MarteS. Marte,21,2025,NYM,64,181,23,50,10,0,4,16,8,37,5,2,209,72,14,1,3,0,3,.276,.356,.398,.754,28,3.4,.334,118,4.4,5,RBI,"['Guardians', 'Mets']",24471b1c-663e-801e-9b30-c5708ed7fdc6,MLB
,Tyrone TaylorT. Taylor,18,2025,NYM,98,272,27,54,13,3,2,13,8,69,11,1,297,79,18,2,2,1,4,.199,.254,.290,.545,18,-17.2,.242,55,-15.8,5,RBI,"['Guardians', 'Mets']",24471b1c-663e-801e-9b30-c5708ed7fdc6,MLB
,Luis TorrensL. Torrens,16,2025,NYM,70,198,10,43,10,1,2,18,1,50,0,0,217,61,13,0,0,0,5,.217,.286,.308,.594,17,-8.1,.267,72,-7.1,5,RBI,"['Guardians', 'Mets']",24471b1c-663e-801e-9b30-c5708ed7fdc6,MLB
,Francisco AlvarezF. Alvarez,15,2025,NYM,44,151,17,38,6,1,4,19,2,45,0,0,172,58,11,0,0,0,4,.252,.343,.384,.727,22,1.5,.324,111,2.3,5,RBI,"['Guardians', 'Mets']",24471b1c-663e-801e-9b30-c5708ed7fdc6,MLB
,David FryD. Fry,13,2025,CLE,39,87,10,15,2,0,5,6,1,36,1,0,94,32,7,0,0,0,2,.172,.234,.368,.602,7,-3.9,.263,66,-3.7,5,RBI,"['Guardians', 'Mets']",24471b1c-663e-801e-9b30-c5708ed7fdc6,MLB
,Lane ThomasL. Thomas,11,2025,CLE,39,125,10,20,2,0,4,14,1,44,4,1,142,34,6,0,2,0,4,.160,.246,.272,.518,8,-8.9,.236,47,-8.7,5,RBI,"['Guardians', 'Mets']",24471b1c-663e-801e-9b30-c5708ed7fdc6,MLB
,Jesse WinkerJ. Winker,10,2025,NYM,26,70,8,16,5,2,1,9,0,21,1,0,81,28,8,0,2,1,1,.229,.309,.400,.709,9,-0.8,.302,96,-0.4,5,RBI,"['Guardians', 'Mets']",24471b1c-663e-801e-9b30-c5708ed7fdc6,MLB
,Jhonkensy NoelJ. Noel,9,2025,CLE,49,107,12,15,2,0,2,3,0,35,0,0,111,23,4,0,1,0,4,.140,.162,.215,.377,0,-13.2,.166,-1,-13.1,5,RBI,"['Guardians', 'Mets']",24471b1c-663e-801e-9b30-c5708ed7fdc6,MLB
,,,,,,,,,,,,,,,,,,,,,,,,,,,,,,,,,5,RBI,"['Guardians', 'Mets']",24471b1c-663e-801e-9b30-c5708ed7fdc6,MLB
,,,,,,,,,,,,,,,,,,,,,,,,,,,,,,,,,5,RBI,"['Guardians', 'Mets']",24471b1c-663e-801e-9b30-c5708ed7fdc6,MLB
,,,,,,,,,,,,,,,,,,,,,,,,,,,,,,,,,5,RBI,"['Guardians', 'Mets']",24471b1c-663e-801e-9b30-c5708ed7fdc6,MLB
,Trevor StoryT. Story,69,2025,BOS,109,418,59,107,19,0,18,22,4,127,18,0,446,180,37,1,1,0,2,.256,.299,.431,.729,53,1,.316,96,-2.2,6,RBI,"['Royals', 'Red Sox']",24471b1c-663e-8022-a7b5-ddd09f9bd355,MLB
,Salvador PerezS. Perez,66,2025,KCR,107,414,35,106,27,0,20,19,7,88,0,0,441,193,47,0,1,4,11,.256,.299,.466,.766,56,4.5,.326,104,1.9,6,RBI,"['Royals', 'Red Sox']",24471b1c-663e-8022-a7b5-ddd09f9bd355,MLB
,Vinnie PasquantinoV. Pasquantino,66,2025,KCR,110,424,44,112,18,1,18,36,5,75,1,0,467,186,37,0,2,3,6,.264,.328,.439,.766,61,6.8,.332,107,4,6,RBI,"['Royals', 'Red Sox']",24471b1c-663e-8022-a7b5-ddd09f9bd355,MLB
,Bobby Witt Jr.B. Witt Jr.,63,2025,KCR,111,438,69,125,37,3,16,36,3,95,29,7,483,216,56,0,6,6,3,.285,.340,.493,.833,72,15,.352,122,12.2,6,RBI,"['Royals', 'Red Sox']",24471b1c-663e-8022-a7b5-ddd09f9bd355,MLB
,Jarren DuranJ. Duran,60,2025,BOS,110,446,62,117,30,12,11,38,7,122,18,5,494,204,53,1,2,0,4,.262,.329,.457,.786,68,10.3,.339,112,6.8,6,RBI,"['Royals', 'Red Sox']",24471b1c-663e-8022-a7b5-ddd09f9bd355,MLB
,Wilyer AbreuW. Abreu,59,2025,BOS,96,310,46,76,13,0,20,32,0,84,6,3,346,149,33,1,3,4,8,.245,.313,.481,.794,47,6.4,.336,110,3.9,6,RBI,"['Royals', 'Red Sox']",24471b1c-663e-8022-a7b5-ddd09f9bd355,MLB
,Rafael DeversR. Devers,58,2025,BOS,73,272,47,74,18,0,15,56,4,76,1,1,334,137,33,0,2,7,7,.272,.401,.504,.905,59,19.7,.387,144,17.3,6,RBI,"['Royals', 'Red Sox']",24471b1c-663e-8022-a7b5-ddd09f9bd355,MLB
,Ceddanne RafaelaC. Rafaela,50,2025,BOS,107,374,61,100,23,3,14,17,5,75,14,3,401,171,40,3,2,0,3,.267,.307,.457,.764,52,4.9,.329,104,2,6,RBI,"['Royals', 'Red Sox']",24471b1c-663e-8022-a7b5-ddd09f9bd355,MLB
,Maikel GarciaM. Garcia,48,2025,KCR,110,408,50,121,28,5,10,37,1,57,20,9,453,189,43,3,4,0,9,.297,.353,.463,.817,68,14.5,.353,122,11.8,6,RBI,"['Royals', 'Red Sox']",24471b1c-663e-8022-a7b5-ddd09f9bd355,MLB
,Alex BregmanA. Bregman,44,2025,BOS,67,256,39,75,20,0,14,24,6,49,1,1,287,137,34,0,1,1,4,.293,.366,.535,.901,50,16.7,.386,144,14.7,6,RBI,"['Royals', 'Red Sox']",24471b1c-663e-8022-a7b5-ddd09f9bd355,MLB
,Romy GonzálezR. González,36,2025,BOS,56,175,31,51,16,3,8,11,2,49,4,2,191,97,27,0,3,1,2,.291,.335,.554,.889,32,9.1,.373,135,7.8,6,RBI,"['Royals', 'Red Sox']",24471b1c-663e-8022-a7b5-ddd09f9bd355,MLB
,Carlos NarváezC. Narváez,33,2025,BOS,84,294,41,74,21,0,9,32,0,81,1,1,329,122,30,1,2,0,8,.252,.323,.415,.738,41,2.4,.323,100,0.1,6,RBI,"['Royals', 'Red Sox']",24471b1c-663e-8022-a7b5-ddd09f9bd355,MLB
,Jonathan IndiaJ. India,32,2025,KCR,103,392,49,94,25,0,5,40,10,73,0,4,445,134,30,1,2,0,7,.240,.324,.342,.666,47,-4.9,.300,86,-7.5,6,RBI,"['Royals', 'Red Sox']",24471b1c-663e-8022-a7b5-ddd09f9bd355,MLB
,Abraham ToroA. Toro,24,2025,BOS,66,219,29,57,13,0,6,13,6,35,2,1,242,88,19,0,4,1,0,.260,.314,.402,.716,28,-0.6,.311,92,-2.3,6,RBI,"['Royals', 'Red Sox']",24471b1c-663e-8022-a7b5-ddd09f9bd355,MLB
,Kyle IsbelK. Isbel,23,2025,KCR,98,269,34,70,14,4,3,13,1,56,4,2,297,101,21,11,3,0,4,.260,.294,.375,.669,29,-5.5,.291,79,-7.2,6,RBI,"['Royals', 'Red Sox']",24471b1c-663e-8022-a7b5-ddd09f9bd355,MLB
,Kristian CampbellK. Campbell,21,2025,BOS,67,229,24,51,10,0,6,29,4,72,2,1,263,79,16,0,1,0,1,.223,.319,.345,.664,28,-3,.300,84,-4.8,6,RBI,"['Royals', 'Red Sox']",24471b1c-663e-8022-a7b5-ddd09f9bd355,MLB
,Rob RefsnyderR. Refsnyder,20,2025,BOS,51,130,22,36,9,0,6,18,1,40,3,0,151,63,15,0,2,1,3,.277,.364,.485,.849,24,6.2,.364,129,5.1,6,RBI,"['Royals', 'Red Sox']",24471b1c-663e-8022-a7b5-ddd09f9bd355,MLB
,Roman AnthonyR. Anthony,19,2025,BOS,46,159,27,45,15,1,2,26,5,47,2,1,190,68,18,0,0,0,1,.283,.400,.428,.828,31,8.4,.369,132,7.1,6,RBI,"['Royals', 'Red Sox']",24471b1c-663e-8022-a7b5-ddd09f9bd355,MLB
,Drew WatersD. Waters,14,2025,KCR,71,206,21,50,6,3,1,11,2,60,5,3,219,65,10,0,0,0,2,.243,.288,.316,.603,18,-8,.269,64,-9.3,6,RBI,"['Royals', 'Red Sox']",24471b1c-663e-8022-a7b5-ddd09f9bd355,MLB
,Michael MasseyM. Massey,14,2025,KCR,56,198,10,40,5,0,2,5,1,32,1,0,209,51,7,1,4,0,3,.202,.221,.258,.479,7,-17.4,.210,24,-18.7,6,RBI,"['Royals', 'Red Sox']",24471b1c-663e-8022-a7b5-ddd09f9bd355,MLB
,Nick LoftinN. Loftin,13,2025,KCR,40,116,12,24,5,2,3,4,2,18,1,1,124,42,10,1,1,0,4,.207,.244,.362,.606,9,-5.2,.262,59,-5.9,6,RBI,"['Royals', 'Red Sox']",24471b1c-663e-8022-a7b5-ddd09f9bd355,MLB
,David HamiltonD. Hamilton,12,2025,BOS,66,128,18,23,3,0,3,7,1,32,17,3,138,35,6,2,0,0,2,.180,.228,.273,.501,6,-9.9,.224,32,-10.9,6,RBI,"['Royals', 'Red Sox']",24471b1c-663e-8022-a7b5-ddd09f9bd355,MLB
,John RaveJ. Rave,12,2025,KCR,48,98,12,17,4,0,3,15,0,29,5,2,116,30,7,2,1,0,1,.173,.281,.306,.587,9,-4.4,.267,63,-5.1,6,RBI,"['Royals', 'Red Sox']",24471b1c-663e-8022-a7b5-ddd09f9bd355,MLB
,Freddy FerminF. Fermin,12,2025,KCR,67,192,17,49,7,0,3,13,2,37,1,2,208,65,10,1,0,1,2,.255,.309,.339,.648,20,-4.4,.287,77,-5.6,6,RBI,"['Royals', 'Red Sox']",24471b1c-663e-8022-a7b5-ddd09f9bd355,MLB
,Triston CasasT. Casas,11,2025,BOS,29,99,5,18,3,0,3,11,2,27,0,0,112,30,6,0,0,2,3,.182,.277,.303,.580,8,-5.2,.256,55,-6,6,RBI,"['Royals', 'Red Sox']",24471b1c-663e-8022-a7b5-ddd09f9bd355,MLB
,,,,,,,,,,,,,,,,,,,,,,,,,,,,,,,,,6,RBI,"['Royals', 'Red Sox']",24471b1c-663e-8022-a7b5-ddd09f9bd355,MLB
,,,,,,,,,,,,,,,,,,,,,,,,,,,,,,,,,6,RBI,"['Royals', 'Red Sox']",24471b1c-663e-8022-a7b5-ddd09f9bd355,MLB
,,,,,,,,,,,,,,,,,,,,,,,,,,,,,,,,,6,RBI,"['Royals', 'Red Sox']",24471b1c-663e-8022-a7b5-ddd09f9bd355,MLB
,Christian YelichC. Yelich,73,2025,MIL,105,399,61,105,12,0,21,45,5,122,15,5,450,180,33,0,1,3,4,.263,.344,.451,.796,64,11.6,.346,122,11.6,7,RBI,"['Brewers', 'Braves']",24471b1c-663e-8071-913d-e5f3fe767280,MLB
,Matt OlsonM. Olson,68,2025,ATL,110,420,61,109,27,0,18,66,2,113,0,0,491,190,45,0,3,2,11,.260,.360,.452,.813,74,16,.354,127,15.5,7,RBI,"['Brewers', 'Braves']",24471b1c-663e-8071-913d-e5f3fe767280,MLB
,Jackson ChourioJ. Chourio,67,2025,MIL,106,445,71,123,29,4,17,22,2,95,18,7,472,211,50,0,3,1,10,.276,.311,.474,.786,64,8.5,.336,115,8.4,7,RBI,"['Brewers', 'Braves']",24471b1c-663e-8071-913d-e5f3fe767280,MLB
,Austin RileyA. Riley,54,2025,ATL,102,416,54,108,20,1,16,27,3,128,2,1,447,178,37,0,1,1,9,.260,.309,.428,.737,54,2.1,.319,103,1.6,7,RBI,"['Brewers', 'Braves']",24471b1c-663e-8071-913d-e5f3fe767280,MLB
,Michael Harris IIM. Harris II,50,2025,ATL,108,407,32,97,16,6,9,13,2,86,12,3,431,152,31,4,5,1,7,.238,.262,.373,.636,36,-14.2,.273,71,-14.7,7,RBI,"['Brewers', 'Braves']",24471b1c-663e-8071-913d-e5f3fe767280,MLB
,Brice TurangB. Turang,49,2025,MIL,106,402,65,111,20,0,8,42,1,97,19,8,452,155,28,2,5,1,2,.276,.342,.386,.728,56,2.6,.321,105,2.6,7,RBI,"['Brewers', 'Braves']",24471b1c-663e-8071-913d-e5f3fe767280,MLB
,Marcell OzunaM. Ozuna,48,2025,ATL,100,344,43,80,11,0,15,72,2,95,0,0,423,136,26,0,5,2,8,.233,.364,.395,.759,58,8.3,.338,116,7.8,7,RBI,"['Brewers', 'Braves']",24471b1c-663e-8071-913d-e5f3fe767280,MLB
,William ContrerasW. Contreras,47,2025,MIL,105,396,61,102,20,0,9,59,1,83,5,2,460,149,29,0,4,4,8,.258,.352,.376,.728,57,3.2,.322,106,3.2,7,RBI,"['Brewers', 'Braves']",24471b1c-663e-8071-913d-e5f3fe767280,MLB
,Ozzie AlbiesO. Albies,43,2025,ATL,110,416,48,95,14,1,9,44,4,73,10,1,467,138,24,0,3,0,6,.228,.306,.332,.638,44,-10.2,.286,80,-10.8,7,RBI,"['Brewers', 'Braves']",24471b1c-663e-8071-913d-e5f3fe767280,MLB
,Rhys HoskinsR. Hoskins,42,2025,MIL,82,269,30,65,12,1,12,38,5,85,2,1,318,115,25,0,6,2,6,.242,.340,.428,.767,42,4.9,.333,113,4.9,7,RBI,"['Brewers', 'Braves']",24471b1c-663e-8071-913d-e5f3fe767280,MLB
,Sean MurphyS. Murphy,42,2025,ATL,75,237,29,54,12,0,16,29,7,84,0,0,276,114,28,0,3,1,7,.228,.326,.481,.807,40,7.3,.347,122,7,7,RBI,"['Brewers', 'Braves']",24471b1c-663e-8071-913d-e5f3fe767280,MLB
,Sal FrelickS. Frelick,41,2025,MIL,98,362,49,107,12,3,8,27,7,53,17,4,402,149,23,3,3,0,1,.296,.353,.412,.765,55,7.4,.337,116,7.4,7,RBI,"['Brewers', 'Braves']",24471b1c-663e-8071-913d-e5f3fe767280,MLB
,Drake BaldwinD. Baldwin,41,2025,ATL,79,241,26,68,11,0,11,23,2,46,0,0,266,112,22,0,0,0,5,.282,.350,.465,.814,40,8.9,.355,127,8.5,7,RBI,"['Brewers', 'Braves']",24471b1c-663e-8071-913d-e5f3fe767280,MLB
,Caleb DurbinC. Durbin,38,2025,MIL,87,276,39,74,15,0,5,22,15,30,10,5,319,104,20,2,4,0,4,.268,.350,.377,.727,40,2.9,.325,108,2.8,7,RBI,"['Brewers', 'Braves']",24471b1c-663e-8071-913d-e5f3fe767280,MLB
,Joey OrtizJ. Ortiz,37,2025,MIL,108,344,45,75,13,0,7,22,3,60,9,3,374,109,20,5,0,0,9,.218,.271,.317,.588,28,-15.5,.262,64,-15.6,7,RBI,"['Brewers', 'Braves']",24471b1c-663e-8071-913d-e5f3fe767280,MLB
,Isaac CollinsI. Collins,32,2025,MIL,90,247,39,69,11,1,6,37,3,66,12,4,290,100,18,2,1,0,4,.279,.378,.405,.783,42,8.4,.349,125,8.3,7,RBI,"['Brewers', 'Braves']",24471b1c-663e-8071-913d-e5f3fe767280,MLB
,Ronald Acuña Jr.R. Acuña Jr.,26,2025,ATL,55,196,48,60,9,1,14,42,0,62,4,1,238,113,24,0,0,3,1,.306,.429,.577,1.005,50,21.8,.427,177,21.6,7,RBI,"['Brewers', 'Braves']",24471b1c-663e-8071-913d-e5f3fe767280,MLB
,Eli WhiteE. White,24,2025,ATL,76,201,32,51,7,3,6,9,2,51,7,1,213,82,16,1,0,1,2,.254,.292,.408,.700,23,-1.9,.302,91,-2.2,7,RBI,"['Brewers', 'Braves']",24471b1c-663e-8071-913d-e5f3fe767280,MLB
,Andrew VaughnA. Vaughn,24,2025,MIL,19,67,13,25,4,0,6,8,0,10,0,0,77,47,10,0,2,0,2,.373,.429,.701,1.130,19,9.7,.469,207,9.7,7,RBI,"['Brewers', 'Braves']",24471b1c-663e-8071-913d-e5f3fe767280,MLB
,Jake BauersJ. Bauers,18,2025,MIL,59,127,16,25,5,0,5,23,0,45,5,0,151,45,10,0,1,1,0,.197,.318,.354,.672,16,-1.6,.300,91,-1.6,7,RBI,"['Brewers', 'Braves']",24471b1c-663e-8071-913d-e5f3fe767280,MLB
,Nick AllenN. Allen,18,2025,ATL,101,291,27,66,9,0,0,28,3,79,6,5,331,75,9,6,3,0,5,.227,.298,.258,.556,23,-15.3,.256,59,-15.7,7,RBI,"['Brewers', 'Braves']",24471b1c-663e-8071-913d-e5f3fe767280,MLB
,Alex VerdugoA. Verdugo,12,2025,ATL,56,197,21,47,10,0,0,14,2,31,1,0,213,57,10,0,0,0,1,.239,.296,.289,.585,17,-8.4,.265,65,-8.6,7,RBI,"['Brewers', 'Braves']",24471b1c-663e-8071-913d-e5f3fe767280,MLB
,Jurickson ProfarJ. Profar,11,2025,ATL,30,125,17,29,7,1,3,12,1,25,2,0,138,47,11,0,0,0,2,.232,.304,.376,.680,15,-1.5,.301,90,-1.6,7,RBI,"['Brewers', 'Braves']",24471b1c-663e-8071-913d-e5f3fe767280,MLB
,Eric HaaseE. Haase,9,2025,MIL,30,70,11,16,3,0,2,4,2,31,0,0,77,25,5,1,0,0,1,.229,.289,.357,.647,7,-1.7,.287,82,-1.7,7,RBI,"['Brewers', 'Braves']",24471b1c-663e-8071-913d-e5f3fe767280,MLB
,Andruw MonasterioA. Monasterio,8,2025,MIL,35,56,10,14,4,0,1,5,0,13,1,0,61,21,5,0,0,0,1,.250,.311,.375,.686,7,-0.5,.303,93,-0.5,7,RBI,"['Brewers', 'Braves']",24471b1c-663e-8071-913d-e5f3fe767280,MLB
,,,,,,,,,,,,,,,,,,,,,,,,,,,,,,,,,7,RBI,"['Brewers', 'Braves']",24471b1c-663e-8071-913d-e5f3fe767280,MLB
,,,,,,,,,,,,,,,,,,,,,,,,,,,,,,,,,7,RBI,"['Brewers', 'Braves']",24471b1c-663e-8071-913d-e5f3fe767280,MLB
,,,,,,,,,,,,,,,,,,,,,,,,,,,,,,,,,7,RBI,"['Brewers', 'Braves']",24471b1c-663e-8071-913d-e5f3fe767280,MLB
,Seiya SuzukiS. Suzuki,81,2025,CHC,106,418,56,103,25,3,26,43,0,125,3,2,466,212,54,0,5,1,11,.246,.313,.507,.820,68,13,.348,127,14.6,8,RBI,"['Reds', 'Cubs']",24471b1c-663e-80a5-bb22-dbee11c2ba07,MLB
,Pete Crow-ArmstrongP. Crow-Armstrong,78,2025,CHC,108,423,74,114,31,4,27,20,4,108,29,5,455,234,62,4,4,0,1,.270,.306,.553,.859,71,17.8,.362,136,19.4,8,RBI,"['Reds', 'Cubs']",24471b1c-663e-80a5-bb22-dbee11c2ba07,MLB
,Elly De La CruzE. De La Cruz,72,2025,CIN,112,429,80,121,23,3,19,51,2,118,30,6,483,207,45,0,1,9,11,.282,.360,.483,.843,74,17.8,.359,125,14.4,8,RBI,"['Reds', 'Cubs']",24471b1c-663e-80a5-bb22-dbee11c2ba07,MLB
,Kyle TuckerK. Tucker,61,2025,CHC,108,399,75,109,21,4,18,74,2,67,23,2,478,192,43,0,3,7,6,.273,.387,.481,.868,79,23,.373,144,24.7,8,RBI,"['Reds', 'Cubs']",24471b1c-663e-80a5-bb22-dbee11c2ba07,MLB
,Michael BuschM. Busch,61,2025,CHC,104,349,50,94,15,3,21,38,9,95,4,0,396,178,39,0,0,1,1,.269,.356,.510,.866,65,19,.373,144,20.4,8,RBI,"['Reds', 'Cubs']",24471b1c-663e-80a5-bb22-dbee11c2ba07,MLB
,Ian HappI. Happ,52,2025,CHC,100,392,62,89,18,0,15,56,1,101,5,2,453,152,33,0,4,0,6,.227,.322,.388,.710,53,0.2,.314,103,1.8,8,RBI,"['Reds', 'Cubs']",24471b1c-663e-80a5-bb22-dbee11c2ba07,MLB
,Dansby SwansonD. Swanson,51,2025,CHC,108,414,60,102,14,2,16,31,0,125,8,3,450,168,32,1,4,1,4,.246,.296,.406,.702,49,-3.5,.304,96,-1.9,8,RBI,"['Reds', 'Cubs']",24471b1c-663e-80a5-bb22-dbee11c2ba07,MLB
,Spencer SteerS. Steer,46,2025,CIN,103,369,45,88,15,2,12,32,4,93,6,1,406,143,29,0,1,0,10,.238,.305,.388,.693,45,-2.8,.305,88,-5.7,8,RBI,"['Reds', 'Cubs']",24471b1c-663e-80a5-bb22-dbee11c2ba07,MLB
,Nico HoernerN. Hoerner,46,2025,CHC,106,403,59,118,19,3,4,24,6,35,19,3,436,155,26,0,3,0,2,.293,.339,.385,.724,53,2,.319,107,3.5,8,RBI,"['Reds', 'Cubs']",24471b1c-663e-80a5-bb22-dbee11c2ba07,MLB
,Austin HaysA. Hays,43,2025,CIN,62,231,41,63,9,4,10,21,1,62,4,0,256,110,23,0,3,1,6,.273,.332,.476,.808,37,6.6,.346,116,4.8,8,RBI,"['Reds', 'Cubs']",24471b1c-663e-80a5-bb22-dbee11c2ba07,MLB
,Gavin LuxG. Lux,42,2025,CIN,98,314,34,86,18,1,4,42,0,82,1,0,356,118,23,0,0,0,3,.274,.360,.376,.735,46,4.5,.329,105,2,8,RBI,"['Reds', 'Cubs']",24471b1c-663e-80a5-bb22-dbee11c2ba07,MLB
,Matt McLainM. McLain,38,2025,CIN,102,374,54,84,12,0,11,40,5,112,15,1,422,129,23,1,2,0,6,.225,.306,.345,.651,42,-7.4,.292,79,-10.4,8,RBI,"['Reds', 'Cubs']",24471b1c-663e-80a5-bb22-dbee11c2ba07,MLB
,Carson KellyC. Kelly,36,2025,CHC,73,235,42,64,12,1,13,35,3,43,0,0,276,117,26,0,3,0,7,.272,.370,.498,.867,46,13.5,.374,145,14.5,8,RBI,"['Reds', 'Cubs']",24471b1c-663e-80a5-bb22-dbee11c2ba07,MLB
,TJ Friedl,36,2025,CIN,104,391,63,106,16,2,10,54,12,70,10,3,464,156,28,4,3,0,5,.271,.374,.399,.773,66,11.9,.345,116,8.6,8,RBI,"['Reds', 'Cubs']",24471b1c-663e-80a5-bb22-dbee11c2ba07,MLB
,Tyler StephensonT. Stephenson,34,2025,CIN,65,227,30,54,13,0,8,31,0,92,0,1,261,91,21,0,3,1,3,.238,.326,.401,.727,31,0.9,.318,97,-0.9,8,RBI,"['Reds', 'Cubs']",24471b1c-663e-80a5-bb22-dbee11c2ba07,MLB
,Will BensonW. Benson,32,2025,CIN,61,183,25,41,6,1,9,12,1,57,2,2,201,76,16,0,5,0,4,.224,.269,.415,.684,20,-3.5,.292,79,-4.9,8,RBI,"['Reds', 'Cubs']",24471b1c-663e-80a5-bb22-dbee11c2ba07,MLB
,Noelvi MarteN. Marte,28,2025,CIN,43,151,21,42,7,1,7,8,3,29,7,2,163,72,15,0,1,0,3,.278,.325,.477,.802,23,4.2,.346,116,3,8,RBI,"['Reds', 'Cubs']",24471b1c-663e-80a5-bb22-dbee11c2ba07,MLB
,Miguel AmayaM. Amaya,25,2025,CHC,27,93,14,26,9,0,4,4,1,22,0,0,100,47,13,1,1,0,0,.280,.313,.505,.819,15,2.8,.348,127,3.2,8,RBI,"['Reds', 'Cubs']",24471b1c-663e-80a5-bb22-dbee11c2ba07,MLB
,Matt ShawM. Shaw,25,2025,CHC,77,253,35,56,15,0,6,22,2,53,14,2,279,89,21,0,2,0,1,.221,.287,.352,.639,26,-7,.282,81,-6.1,8,RBI,"['Reds', 'Cubs']",24471b1c-663e-80a5-bb22-dbee11c2ba07,MLB
,Jake FraleyJ. Fraley,23,2025,CIN,61,155,28,38,7,0,6,24,1,38,4,2,180,63,13,0,0,1,0,.245,.350,.406,.756,24,3,.334,108,1.7,8,RBI,"['Reds', 'Cubs']",24471b1c-663e-80a5-bb22-dbee11c2ba07,MLB
,Christian Encarnacion-StrandC. Encarnacion-Strand,19,2025,CIN,36,130,13,27,4,0,6,3,2,32,0,2,137,49,10,0,2,0,1,.208,.234,.377,.610,10,-5.7,.262,58,-6.7,8,RBI,"['Reds', 'Cubs']",24471b1c-663e-80a5-bb22-dbee11c2ba07,MLB
,Reese McGuireR. McGuire,16,2025,CHC,25,81,11,20,1,0,6,2,0,17,0,0,85,39,7,1,1,0,2,.247,.262,.481,.743,10,0.1,.315,104,0.4,8,RBI,"['Reds', 'Cubs']",24471b1c-663e-80a5-bb22-dbee11c2ba07,MLB
,Jose TrevinoJ. Trevino,15,2025,CIN,63,193,23,49,18,0,4,12,0,24,0,0,209,79,22,1,3,0,7,.254,.293,.409,.703,23,-1.8,.303,87,-3.3,8,RBI,"['Reds', 'Cubs']",24471b1c-663e-80a5-bb22-dbee11c2ba07,MLB
,Santiago EspinalS. Espinal,14,2025,CIN,96,274,24,69,12,0,0,20,1,34,2,1,297,81,12,2,0,0,10,.252,.305,.296,.601,25,-10.1,.271,65,-12.2,8,RBI,"['Reds', 'Cubs']",24471b1c-663e-80a5-bb22-dbee11c2ba07,MLB
,Justin TurnerJ. Turner,13,2025,CHC,57,128,11,27,5,0,2,14,1,24,2,0,147,38,7,0,4,0,2,.211,.286,.297,.583,11,-6.1,.262,67,-5.6,8,RBI,"['Reds', 'Cubs']",24471b1c-663e-80a5-bb22-dbee11c2ba07,MLB
,,,,,,,,,,,,,,,,,,,,,,,,,,,,,,,,,8,RBI,"['Reds', 'Cubs']",24471b1c-663e-80a5-bb22-dbee11c2ba07,MLB
,,,,,,,,,,,,,,,,,,,,,,,,,,,,,,,,,8,RBI,"['Reds', 'Cubs']",24471b1c-663e-80a5-bb22-dbee11c2ba07,MLB
,,,,,,,,,,,,,,,,,,,,,,,,,,,,,,,,,8,RBI,"['Reds', 'Cubs']",24471b1c-663e-80a5-bb22-dbee11c2ba07,MLB
,Bo BichetteB. Bichette,68,2025,TOR,110,465,53,138,33,1,13,27,3,75,4,3,497,212,47,0,2,2,13,.297,.338,.456,.794,70,11.7,.343,121,12.2,9,RBI,"['Blue Jays', 'Rockies']",24471b1c-663e-8042-b1d4-da1e9e303b67,MLB
,Hunter GoodmanH. Goodman,61,2025,COL,96,366,52,102,20,4,20,23,3,106,1,2,393,190,44,0,1,0,14,.279,.326,.519,.845,61,15,.361,120,9,9,RBI,"['Blue Jays', 'Rockies']",24471b1c-663e-8042-b1d4-da1e9e303b67,MLB
,Vladimir Guerrero Jr.V. Guerrero Jr.,58,2025,TOR,111,415,72,120,24,0,16,68,6,67,5,2,491,192,40,0,2,7,10,.289,.395,.463,.858,81,23.3,.372,142,23.9,9,RBI,"['Blue Jays', 'Rockies']",24471b1c-663e-8042-b1d4-da1e9e303b67,MLB
,George SpringerG. Springer,57,2025,TOR,101,344,66,100,18,1,18,51,3,76,12,0,402,174,37,0,4,1,10,.291,.383,.506,.889,70,22.5,.383,149,23,9,RBI,"['Blue Jays', 'Rockies']",24471b1c-663e-8042-b1d4-da1e9e303b67,MLB
,Addison BargerA. Barger,53,2025,TOR,89,312,48,81,25,1,16,22,2,84,3,1,336,156,42,0,0,4,3,.260,.313,.500,.813,48,8.2,.344,122,8.6,9,RBI,"['Blue Jays', 'Rockies']",24471b1c-663e-8042-b1d4-da1e9e303b67,MLB
,Alejandro KirkA. Kirk,47,2025,TOR,89,316,27,95,13,0,7,30,1,34,0,0,351,129,20,0,4,2,8,.301,.359,.408,.767,47,6.2,.336,116,6.6,9,RBI,"['Blue Jays', 'Rockies']",24471b1c-663e-8042-b1d4-da1e9e303b67,MLB
,Nathan LukesN. Lukes,43,2025,TOR,87,240,36,60,8,0,9,30,2,34,1,2,279,95,17,6,1,2,8,.250,.337,.396,.733,35,2,.322,107,2.3,9,RBI,"['Blue Jays', 'Rockies']",24471b1c-663e-8042-b1d4-da1e9e303b67,MLB
,Mickey MoniakM. Moniak,42,2025,COL,92,279,42,76,13,6,16,18,2,74,5,2,301,149,35,0,2,1,1,.272,.319,.534,.853,47,11.4,.360,119,6.8,9,RBI,"['Blue Jays', 'Rockies']",24471b1c-663e-8042-b1d4-da1e9e303b67,MLB
,Jordan BeckJ. Beck,40,2025,COL,98,362,49,100,19,5,13,30,3,110,12,7,396,168,37,0,1,0,7,.276,.336,.464,.800,57,10.4,.346,109,4.4,9,RBI,"['Blue Jays', 'Rockies']",24471b1c-663e-8042-b1d4-da1e9e303b67,MLB
,Ryan McMahonR. McMahon,35,2025,COL,100,350,42,76,15,1,16,49,1,127,2,1,401,141,32,0,1,1,4,.217,.314,.403,.717,47,0.5,.315,88,-5.6,9,RBI,"['Blue Jays', 'Rockies']",24471b1c-663e-8042-b1d4-da1e9e303b67,MLB
,Brenton DoyleB. Doyle,34,2025,COL,91,338,40,76,13,2,8,23,0,95,10,1,364,117,23,1,2,0,8,.225,.273,.346,.619,30,-12.3,.272,58,-17.8,9,RBI,"['Blue Jays', 'Rockies']",24471b1c-663e-8042-b1d4-da1e9e303b67,MLB
,Michael TogliaM. Toglia,32,2025,COL,85,299,22,58,15,1,11,27,1,126,3,0,329,108,27,0,2,2,7,.194,.261,.361,.623,27,-11.5,.270,57,-16.5,9,RBI,"['Blue Jays', 'Rockies']",24471b1c-663e-8042-b1d4-da1e9e303b67,MLB
,Ernie ClementE. Clement,32,2025,TOR,111,382,54,107,21,1,5,21,2,42,3,3,415,145,27,5,5,1,9,.280,.317,.380,.697,45,-3.3,.304,94,-2.8,9,RBI,"['Blue Jays', 'Rockies']",24471b1c-663e-8042-b1d4-da1e9e303b67,MLB
,Andrés GiménezA. Giménez,23,2025,TOR,61,211,26,46,7,0,5,16,9,39,10,1,238,68,12,1,1,0,3,.218,.300,.322,.622,22,-6.2,.281,79,-5.9,9,RBI,"['Blue Jays', 'Rockies']",24471b1c-663e-8042-b1d4-da1e9e303b67,MLB
,Kyle FarmerK. Farmer,22,2025,COL,74,226,18,49,14,0,5,11,4,53,0,1,242,78,19,0,1,0,8,.217,.264,.345,.610,19,-8.9,.268,56,-12.6,9,RBI,"['Blue Jays', 'Rockies']",24471b1c-663e-8042-b1d4-da1e9e303b67,MLB
,Myles StrawM. Straw,22,2025,TOR,93,201,35,51,11,0,2,12,1,33,8,1,224,68,13,9,1,0,5,.254,.298,.338,.636,20,-5.8,.282,79,-5.5,9,RBI,"['Blue Jays', 'Rockies']",24471b1c-663e-8042-b1d4-da1e9e303b67,MLB
,Thairo EstradaT. Estrada,21,2025,COL,36,144,14,38,8,0,3,5,2,24,1,3,154,55,11,0,3,0,5,.264,.292,.382,.674,15,-2.7,.292,72,-5,9,RBI,"['Blue Jays', 'Rockies']",24471b1c-663e-8042-b1d4-da1e9e303b67,MLB
,Tyler FreemanT. Freeman,21,2025,COL,66,207,29,63,16,1,1,23,6,21,12,5,240,84,18,0,4,0,7,.304,.383,.406,.789,35,6.9,.349,111,3.2,9,RBI,"['Blue Jays', 'Rockies']",24471b1c-663e-8042-b1d4-da1e9e303b67,MLB
,Daulton VarshoD. Varsho,20,2025,TOR,26,98,14,19,5,1,8,6,0,35,1,0,107,50,14,0,3,1,0,.194,.234,.510,.744,12,-0.9,.303,94,-0.8,9,RBI,"['Blue Jays', 'Rockies']",24471b1c-663e-8042-b1d4-da1e9e303b67,MLB
,Anthony SantanderA. Santander,18,2025,TOR,50,184,14,33,5,0,6,24,0,55,0,0,209,56,11,0,1,1,6,.179,.273,.304,.577,15,-9.1,.259,64,-8.9,9,RBI,"['Blue Jays', 'Rockies']",24471b1c-663e-8042-b1d4-da1e9e303b67,MLB
,Ezequiel TovarE. Tovar,17,2025,COL,44,174,25,47,11,2,6,10,1,39,3,2,188,80,19,3,0,0,2,.270,.314,.460,.773,25,3,.334,101,0.2,9,RBI,"['Blue Jays', 'Rockies']",24471b1c-663e-8042-b1d4-da1e9e303b67,MLB
,Tyler HeinemanT. Heineman,16,2025,TOR,43,105,20,35,7,1,3,8,5,23,2,0,123,53,11,3,2,0,1,.333,.400,.505,.905,22,7.7,.391,154,7.8,9,RBI,"['Blue Jays', 'Rockies']",24471b1c-663e-8042-b1d4-da1e9e303b67,MLB
,Davis SchneiderD. Schneider,15,2025,TOR,46,101,18,22,3,0,5,21,2,32,1,1,124,40,8,0,0,0,3,.218,.363,.396,.759,17,2.8,.342,120,3,9,RBI,"['Blue Jays', 'Rockies']",24471b1c-663e-8042-b1d4-da1e9e303b67,MLB
,Ryan RitterR. Ritter,12,2025,COL,31,101,13,24,4,2,1,7,1,35,1,0,113,35,7,3,1,0,3,.238,.291,.347,.637,10,-3,.281,64,-4.7,9,RBI,"['Blue Jays', 'Rockies']",24471b1c-663e-8042-b1d4-da1e9e303b67,MLB
,Braxton FulfordB. Fulford,11,2025,COL,14,40,4,10,2,1,1,1,0,18,1,0,42,17,4,0,1,0,0,.250,.262,.425,.687,4,-0.8,.289,70,-1.5,9,RBI,"['Blue Jays', 'Rockies']",24471b1c-663e-8042-b1d4-da1e9e303b67,MLB
,,,,,,,,,,,,,,,,,,,,,,,,,,,,,,,,,9,RBI,"['Blue Jays', 'Rockies']",24471b1c-663e-8042-b1d4-da1e9e303b67,MLB
,,,,,,,,,,,,,,,,,,,,,,,,,,,,,,,,,9,RBI,"['Blue Jays', 'Rockies']",24471b1c-663e-8042-b1d4-da1e9e303b67,MLB
,,,,,,,,,,,,,,,,,,,,,,,,,,,,,,,,,9,RBI,"['Blue Jays', 'Rockies']",24471b1c-663e-8042-b1d4-da1e9e303b67,MLB
,Taylor WardT. Ward,78,2025,LAA,109,417,58,95,25,2,25,46,2,131,3,1,471,199,52,0,6,1,8,.228,.304,.477,.781,62,7.3,.333,111,6.2,10,RBI,"['Rays', 'Angels']",24471b1c-663e-805d-a8ad-fe889f4ebbb3,MLB
,Junior CamineroJ. Caminero,72,2025,TBR,107,420,61,106,20,0,28,24,2,91,5,1,452,210,48,0,6,1,26,.252,.292,.500,.792,61,7.9,.335,119,10,10,RBI,"['Rays', 'Angels']",24471b1c-663e-805d-a8ad-fe889f4ebbb3,MLB
,Yandy DíazY. Díaz,65,2025,TBR,107,426,55,120,19,1,20,36,6,67,3,0,473,201,40,0,5,3,10,.282,.342,.472,.814,69,13.8,.350,129,16,10,RBI,"['Rays', 'Angels']",24471b1c-663e-805d-a8ad-fe889f4ebbb3,MLB
,Jo AdellJ. Adell,61,2025,LAA,104,349,40,80,14,1,21,26,9,98,3,1,385,159,36,0,1,0,5,.229,.299,.456,.754,49,3.9,.326,107,3,10,RBI,"['Rays', 'Angels']",24471b1c-663e-805d-a8ad-fe889f4ebbb3,MLB
,Jonathan ArandaJ. Aranda,54,2025,TBR,103,358,53,113,22,0,12,40,8,102,0,2,409,171,34,0,3,3,8,.316,.394,.478,.871,69,21.3,.378,148,23.2,10,RBI,"['Rays', 'Angels']",24471b1c-663e-805d-a8ad-fe889f4ebbb3,MLB
,Brandon LoweB. Lowe,51,2025,TBR,91,343,56,93,12,0,19,25,1,94,3,1,371,162,31,0,2,1,3,.271,.321,.472,.793,52,8.2,.341,123,9.9,10,RBI,"['Rays', 'Angels']",24471b1c-663e-805d-a8ad-fe889f4ebbb3,MLB
,Mike TroutM. Trout,47,2025,LAA,83,293,43,69,7,1,19,56,5,105,2,0,359,135,27,0,5,8,5,.235,.362,.461,.823,53,10.9,.351,124,10.1,10,RBI,"['Rays', 'Angels']",24471b1c-663e-805d-a8ad-fe889f4ebbb3,MLB
,Nolan SchanuelN. Schanuel,45,2025,LAA,107,397,51,110,20,1,9,50,7,56,5,1,460,159,30,3,3,4,8,.277,.365,.401,.766,63,8.8,.337,114,7.7,10,RBI,"['Rays', 'Angels']",24471b1c-663e-805d-a8ad-fe889f4ebbb3,MLB
,Zach NetoZ. Neto,41,2025,LAA,92,365,67,99,21,1,15,21,9,102,21,8,398,167,37,0,3,2,5,.271,.324,.458,.782,54,7.3,.336,114,6.4,10,RBI,"['Rays', 'Angels']",24471b1c-663e-805d-a8ad-fe889f4ebbb3,MLB
,Logan O'HoppeL. O'Hoppe,38,2025,LAA,88,318,32,76,6,1,18,16,2,105,2,1,337,138,25,0,1,0,7,.239,.279,.434,.713,38,-1.7,.308,94,-2.5,10,RBI,"['Rays', 'Angels']",24471b1c-663e-805d-a8ad-fe889f4ebbb3,MLB
,Taylor WallsT. Walls,37,2025,TBR,98,272,35,61,13,1,4,26,0,65,13,6,306,88,18,2,6,0,1,.224,.286,.324,.610,25,-10.7,.270,74,-9.3,10,RBI,"['Rays', 'Angels']",24471b1c-663e-805d-a8ad-fe889f4ebbb3,MLB
,Jorge SolerJ. Soler,34,2025,LAA,82,279,31,60,12,0,12,28,4,94,0,0,314,108,24,0,3,0,5,.215,.293,.387,.680,33,-3.8,.299,88,-4.5,10,RBI,"['Rays', 'Angels']",24471b1c-663e-805d-a8ad-fe889f4ebbb3,MLB
,Danny JansenD. Jansen,29,2025,TBR,73,221,28,45,8,0,11,33,3,68,0,0,259,86,19,1,1,0,4,.204,.314,.389,.703,30,-0.3,.312,103,0.9,10,RBI,"['Rays', 'Angels']",24471b1c-663e-805d-a8ad-fe889f4ebbb3,MLB
,Jake MangumJ. Mangum,28,2025,TBR,75,260,25,74,11,1,2,14,1,40,16,3,276,93,14,1,0,0,4,.285,.324,.358,.681,30,-2.6,.302,96,-1.4,10,RBI,"['Rays', 'Angels']",24471b1c-663e-805d-a8ad-fe889f4ebbb3,MLB
,Josh LoweJ. Lowe,27,2025,TBR,67,244,35,58,12,1,7,23,1,58,9,3,270,93,20,1,1,1,4,.238,.305,.381,.686,29,-2.8,.301,95,-1.6,10,RBI,"['Rays', 'Angels']",24471b1c-663e-805d-a8ad-fe889f4ebbb3,MLB
,José CaballeroJ. Caballero,27,2025,TBR,86,235,37,53,12,1,2,33,3,80,34,8,275,73,15,3,1,0,1,.226,.327,.311,.638,27,-4.8,.292,89,-3.5,10,RBI,"['Rays', 'Angels']",24471b1c-663e-805d-a8ad-fe889f4ebbb3,MLB
,Luis RengifoL. Rengifo,26,2025,LAA,104,365,39,88,13,1,5,22,3,72,4,6,393,118,19,1,2,0,7,.241,.288,.323,.612,33,-13.2,.272,69,-14.2,10,RBI,"['Rays', 'Angels']",24471b1c-663e-805d-a8ad-fe889f4ebbb3,MLB
,Yoán MoncadaY. Moncada,24,2025,LAA,46,145,23,31,6,1,8,19,3,43,0,0,168,63,15,0,1,0,2,.214,.315,.434,.750,22,1.9,.327,107,1.5,10,RBI,"['Rays', 'Angels']",24471b1c-663e-805d-a8ad-fe889f4ebbb3,MLB
,Kameron MisnerK. Misner,22,2025,TBR,71,197,27,42,9,1,5,16,1,69,8,1,217,68,15,1,2,0,1,.213,.273,.345,.618,18,-7.2,.272,76,-6.2,10,RBI,"['Rays', 'Angels']",24471b1c-663e-805d-a8ad-fe889f4ebbb3,MLB
,Christopher MorelC. Morel,19,2025,TBR,76,201,30,43,12,0,7,18,2,75,6,2,221,76,19,0,0,0,5,.214,.285,.378,.663,22,-3.8,.292,89,-2.8,10,RBI,"['Rays', 'Angels']",24471b1c-663e-805d-a8ad-fe889f4ebbb3,MLB
,Travis d'ArnaudT. d'Arnaud,17,2025,LAA,51,159,15,35,9,0,6,12,3,52,0,0,175,62,15,0,1,0,4,.220,.286,.390,.676,18,-2.5,.296,86,-2.9,10,RBI,"['Rays', 'Angels']",24471b1c-663e-805d-a8ad-fe889f4ebbb3,MLB
,Chandler SimpsonC. Simpson,15,2025,TBR,65,229,30,68,8,1,0,13,0,22,32,8,245,78,9,1,2,0,6,.297,.332,.341,.673,26,-3,.299,94,-1.9,10,RBI,"['Rays', 'Angels']",24471b1c-663e-805d-a8ad-fe889f4ebbb3,MLB
,Kevin NewmanK. Newman,11,2025,LAA,56,114,13,23,2,0,2,1,0,23,1,0,116,31,4,1,0,0,5,.202,.209,.272,.481,4,-9.7,.210,26,-10,10,RBI,"['Rays', 'Angels']",24471b1c-663e-805d-a8ad-fe889f4ebbb3,MLB
,Kyren ParisK. Paris,11,2025,LAA,44,126,20,24,4,1,6,10,3,59,7,1,139,48,11,0,0,0,1,.190,.266,.381,.647,13,-3.3,.284,78,-3.6,10,RBI,"['Rays', 'Angels']",24471b1c-663e-805d-a8ad-fe889f4ebbb3,MLB
,Matt ThaissM. Thaiss,8,2025,TBR,25,71,5,16,2,1,0,6,2,25,0,0,80,20,3,1,0,0,0,.225,.304,.282,.585,6,-2.9,.268,73,-2.5,10,RBI,"['Rays', 'Angels']",24471b1c-663e-805d-a8ad-fe889f4ebbb3,MLB
,,,,,,,,,,,,,,,,,,,,,,,,,,,,,,,,,10,RBI,"['Rays', 'Angels']",24471b1c-663e-805d-a8ad-fe889f4ebbb3,MLB
,,,,,,,,,,,,,,,,,,,,,,,,,,,,,,,,,10,RBI,"['Rays', 'Angels']",24471b1c-663e-805d-a8ad-fe889f4ebbb3,MLB
,,,,,,,,,,,,,,,,,,,,,,,,,,,,,,,,,10,RBI,"['Rays', 'Angels']",24471b1c-663e-805d-a8ad-fe889f4ebbb3,MLB
,Eugenio SuárezE. Suárez,87,2025,AZ,106,387,64,96,19,0,36,29,15,117,1,0,437,223,55,0,6,1,7,.248,.320,.576,.897,73,22.1,.376,142,21.6,11,RBI,"['Padres', 'Diamondbacks']",24471b1c-663e-809e-803b-cd849808f165,MLB
,Geraldo PerdomoG. Perdomo,75,2025,AZ,110,401,58,110,22,2,11,65,6,53,17,4,485,169,35,3,10,0,6,.274,.376,.421,.797,71,14.5,.351,125,13.9,11,RBI,"['Padres', 'Diamondbacks']",24471b1c-663e-809e-803b-cd849808f165,MLB
,Manny MachadoM. Machado,72,2025,SDP,111,428,64,129,27,0,20,39,3,81,10,2,475,216,47,0,5,2,13,.301,.360,.505,.865,77,21.8,.370,143,24,11,RBI,"['Padres', 'Diamondbacks']",24471b1c-663e-809e-803b-cd849808f165,MLB
,Josh NaylorJ. Naylor,59,2025,AZ,93,349,49,102,19,1,11,37,2,49,11,2,392,156,31,0,4,4,14,.292,.360,.447,.807,57,10.9,.348,123,10.5,11,RBI,"['Padres', 'Diamondbacks']",24471b1c-663e-809e-803b-cd849808f165,MLB
,Gavin SheetsG. Sheets,54,2025,SDP,103,357,39,89,15,1,15,31,3,78,2,1,394,151,31,0,3,1,9,.249,.312,.423,.735,48,1.7,.319,108,3.6,11,RBI,"['Padres', 'Diamondbacks']",24471b1c-663e-809e-803b-cd849808f165,MLB
,Corbin CarrollC. Carroll,52,2025,AZ,94,377,71,93,19,14,22,36,7,103,14,4,422,206,55,0,2,1,3,.247,.322,.546,.869,67,17.9,.366,135,17.4,11,RBI,"['Padres', 'Diamondbacks']",24471b1c-663e-809e-803b-cd849808f165,MLB
,Lourdes Gurriel Jr.L. Gurriel Jr.,50,2025,AZ,101,396,35,98,21,2,12,26,4,57,8,3,432,159,35,0,6,0,8,.247,.296,.402,.698,47,-3.8,.303,91,-4.3,11,RBI,"['Padres', 'Diamondbacks']",24471b1c-663e-809e-803b-cd849808f165,MLB
,Ketel MarteK. Marte,44,2025,AZ,79,295,56,85,15,0,21,46,4,50,2,2,346,163,36,0,1,4,7,.288,.390,.553,.943,65,24.4,.401,159,24,11,RBI,"['Padres', 'Diamondbacks']",24471b1c-663e-809e-803b-cd849808f165,MLB
,Fernando Tatis Jr.F. Tatis Jr.,44,2025,SDP,109,413,77,109,18,2,17,61,5,85,22,4,480,182,37,0,1,7,4,.264,.365,.441,.805,70,13.9,.350,129,16.1,11,RBI,"['Padres', 'Diamondbacks']",24471b1c-663e-809e-803b-cd849808f165,MLB
,Jackson MerrillJ. Merrill,44,2025,SDP,78,301,38,80,14,3,8,24,3,72,1,2,333,124,25,1,4,1,3,.266,.322,.412,.734,40,1.4,.319,107,2.9,11,RBI,"['Padres', 'Diamondbacks']",24471b1c-663e-809e-803b-cd849808f165,MLB
,Luis ArraezL. Arraez,41,2025,SDP,105,425,50,127,21,4,6,22,2,12,5,2,460,174,31,8,3,0,5,.299,.334,.409,.743,58,4,.324,111,6.1,11,RBI,"['Padres', 'Diamondbacks']",24471b1c-663e-809e-803b-cd849808f165,MLB
,Xander BogaertsX. Bogaerts,37,2025,SDP,109,394,47,106,24,0,7,44,1,68,16,1,445,151,31,1,5,3,10,.269,.340,.383,.723,53,1.3,.317,107,3.4,11,RBI,"['Padres', 'Diamondbacks']",24471b1c-663e-809e-803b-cd849808f165,MLB
,Jake CronenworthJ. Cronenworth,32,2025,SDP,86,277,37,65,14,1,8,41,8,68,2,1,332,105,23,2,4,0,3,.235,.345,.379,.725,42,2.8,.324,111,4.3,11,RBI,"['Padres', 'Diamondbacks']",24471b1c-663e-809e-803b-cd849808f165,MLB
,Pavin SmithP. Smith,28,2025,AZ,79,222,33,58,15,1,8,40,0,84,2,2,264,99,24,0,2,1,7,.261,.371,.446,.817,40,9.2,.357,129,8.9,11,RBI,"['Padres', 'Diamondbacks']",24471b1c-663e-809e-803b-cd849808f165,MLB
,Alek ThomasA. Thomas,28,2025,AZ,95,284,36,71,13,2,7,17,4,80,5,2,310,109,22,3,2,0,2,.250,.300,.384,.683,33,-3.6,.299,89,-4,11,RBI,"['Padres', 'Diamondbacks']",24471b1c-663e-809e-803b-cd849808f165,MLB
,Jose IglesiasJ. Iglesias,24,2025,SDP,81,224,21,52,9,0,0,16,5,44,4,1,249,61,9,2,2,0,4,.232,.296,.272,.568,18,-10.9,.259,67,-9.8,11,RBI,"['Padres', 'Diamondbacks']",24471b1c-663e-809e-803b-cd849808f165,MLB
,Elias DíazE. Díaz,22,2025,SDP,86,211,26,43,7,0,5,18,1,61,0,0,234,65,12,4,0,0,8,.204,.270,.308,.578,17,-10.3,.259,67,-9.2,11,RBI,"['Padres', 'Diamondbacks']",24471b1c-663e-809e-803b-cd849808f165,MLB
,Randal GrichukR. Grichuk,22,2025,AZ,70,175,25,42,15,1,7,10,0,39,0,1,188,80,23,0,3,1,5,.240,.277,.457,.734,21,-0.7,.309,96,-0.9,11,RBI,"['Padres', 'Diamondbacks']",24471b1c-663e-809e-803b-cd849808f165,MLB
,Gabriel MorenoG. Moreno,20,2025,AZ,53,174,29,47,8,1,5,13,1,32,1,1,188,72,14,0,0,0,4,.270,.324,.414,.738,23,1.5,.323,106,1.3,11,RBI,"['Padres', 'Diamondbacks']",24471b1c-663e-809e-803b-cd849808f165,MLB
,Jose HerreraJ. Herrera,14,2025,AZ,50,146,17,27,6,0,1,21,1,45,0,0,180,36,7,10,2,0,2,.185,.288,.247,.535,12,-9.2,.250,55,-9.4,11,RBI,"['Padres', 'Diamondbacks']",24471b1c-663e-809e-803b-cd849808f165,MLB
,Tim TawaT. Tawa,14,2025,AZ,59,155,21,31,6,0,6,13,1,47,7,2,173,55,12,1,3,0,4,.200,.262,.355,.616,14,-6.2,.270,69,-6.4,11,RBI,"['Padres', 'Diamondbacks']",24471b1c-663e-809e-803b-cd849808f165,MLB
,Jason HeywardJ. Heyward,12,2025,SDP,34,85,9,15,2,0,2,6,0,20,0,1,94,23,4,0,3,0,1,.176,.223,.271,.494,4,-7.3,.218,38,-6.8,11,RBI,"['Padres', 'Diamondbacks']",24471b1c-663e-809e-803b-cd849808f165,MLB
,Martín MaldonadoM. Maldonado,12,2025,SDP,64,147,11,30,6,0,4,8,0,57,0,0,161,48,10,6,0,0,3,.204,.245,.327,.572,11,-8.1,.251,61,-7.3,11,RBI,"['Padres', 'Diamondbacks']",24471b1c-663e-809e-803b-cd849808f165,MLB
,Tyler WadeT. Wade,9,2025,SDP,59,107,13,22,1,2,0,15,1,31,1,2,127,27,3,4,0,0,0,.206,.309,.252,.561,10,-5.2,.263,69,-4.6,11,RBI,"['Padres', 'Diamondbacks']",24471b1c-663e-809e-803b-cd849808f165,MLB
,Jake McCarthyJ. McCarthy,9,2025,AZ,34,105,7,17,3,2,2,9,1,20,3,0,117,30,7,1,1,0,1,.162,.233,.286,.518,6,-7.8,.231,42,-7.9,11,RBI,"['Padres', 'Diamondbacks']",24471b1c-663e-809e-803b-cd849808f165,MLB
,,,,,,,,,,,,,,,,,,,,,,,,,,,,,,,,,11,RBI,"['Padres', 'Diamondbacks']",24471b1c-663e-809e-803b-cd849808f165,MLB
,,,,,,,,,,,,,,,,,,,,,,,,,,,,,,,,,11,RBI,"['Padres', 'Diamondbacks']",24471b1c-663e-809e-803b-cd849808f165,MLB
,,,,,,,,,,,,,,,,,,,,,,,,,,,,,,,,,11,RBI,"['Padres', 'Diamondbacks']",24471b1c-663e-809e-803b-cd849808f165,MLB
,Shohei OhtaniS. Ohtani,73,2025,LAD,110,431,102,118,14,7,38,71,3,136,15,4,507,260,59,0,2,13,5,.274,.379,.603,.982,98,38.2,.407,166,39.4,12,RBI,"['Cardinals', 'Dodgers']",24471b1c-663e-8055-9631-cbedb81e5942,MLB
,Andy PagesA. Pages,65,2025,LAD,108,405,49,112,17,1,19,20,7,93,9,5,437,188,37,0,5,0,5,.277,.318,.464,.782,59,8.1,.337,118,9.1,12,RBI,"['Cardinals', 'Dodgers']",24471b1c-663e-8055-9631-cbedb81e5942,MLB
,Teoscar HernándezT. Hernández,64,2025,LAD,90,343,44,86,20,0,16,18,1,90,5,1,364,154,36,0,2,0,9,.251,.288,.449,.737,44,0.9,.317,104,1.8,12,RBI,"['Cardinals', 'Dodgers']",24471b1c-663e-8055-9631-cbedb81e5942,MLB
,Willson ContrerasW. Contreras,63,2025,STL,106,389,54,100,29,0,15,34,17,109,4,0,444,174,44,1,3,1,12,.257,.341,.447,.788,63,10.7,.344,123,11.7,12,RBI,"['Cardinals', 'Dodgers']",24471b1c-663e-8055-9631-cbedb81e5942,MLB
,Freddie FreemanF. Freeman,60,2025,LAD,99,373,54,114,29,1,12,40,4,97,2,2,420,181,42,0,3,5,9,.306,.376,.485,.861,68,19,.370,141,20,12,RBI,"['Cardinals', 'Dodgers']",24471b1c-663e-8055-9631-cbedb81e5942,MLB
,Max MuncyM. Muncy,55,2025,LAD,81,256,39,64,10,2,13,51,3,69,4,0,315,117,25,0,5,1,4,.250,.375,.457,.832,49,12.3,.362,135,13,12,RBI,"['Cardinals', 'Dodgers']",24471b1c-663e-8055-9631-cbedb81e5942,MLB
,Will SmithW. Smith,50,2025,LAD,87,290,54,94,19,1,14,50,3,66,2,3,348,157,34,0,5,1,6,.324,.422,.541,.964,69,27.9,.413,170,28.7,12,RBI,"['Cardinals', 'Dodgers']",24471b1c-663e-8055-9631-cbedb81e5942,MLB
,Alec BurlesonA. Burleson,49,2025,STL,100,341,38,97,19,0,14,30,1,49,4,0,376,158,33,1,3,1,11,.284,.341,.463,.805,54,10.3,.348,125,11.1,12,RBI,"['Cardinals', 'Dodgers']",24471b1c-663e-8055-9631-cbedb81e5942,MLB
,Mookie BettsM. Betts,48,2025,LAD,102,399,63,93,15,1,11,42,2,50,8,1,449,143,27,0,6,2,8,.233,.305,.358,.664,45,-7.9,.292,87,-6.8,12,RBI,"['Cardinals', 'Dodgers']",24471b1c-663e-8055-9631-cbedb81e5942,MLB
,Tommy EdmanT. Edman,44,2025,LAD,86,303,43,69,13,1,12,18,6,57,3,1,332,120,26,1,4,0,4,.228,.281,.396,.677,34,-5.2,.294,89,-4.5,12,RBI,"['Cardinals', 'Dodgers']",24471b1c-663e-8055-9631-cbedb81e5942,MLB
,Nolan ArenadoN. Arenado,43,2025,STL,96,361,43,85,15,1,10,28,3,39,2,0,394,132,26,0,2,4,7,.235,.294,.366,.660,38,-8.5,.287,84,-7.6,12,RBI,"['Cardinals', 'Dodgers']",24471b1c-663e-8055-9631-cbedb81e5942,MLB
,Brendan DonovanB. Donovan,42,2025,STL,103,398,56,112,24,0,9,39,7,59,3,1,449,163,33,1,4,3,4,.281,.353,.410,.762,60,7.2,.334,116,8.3,12,RBI,"['Cardinals', 'Dodgers']",24471b1c-663e-8055-9631-cbedb81e5942,MLB
,Masyn WinnM. Winn,41,2025,STL,99,377,59,103,24,0,7,27,4,69,6,5,412,148,31,2,2,0,9,.273,.327,.393,.719,49,1,.317,104,1.9,12,RBI,"['Cardinals', 'Dodgers']",24471b1c-663e-8055-9631-cbedb81e5942,MLB
,Iván HerreraI. Herrera,39,2025,STL,58,209,26,63,9,0,9,24,5,46,3,1,240,99,18,0,2,0,11,.301,.383,.474,.857,40,11.7,.374,144,12.3,12,RBI,"['Cardinals', 'Dodgers']",24471b1c-663e-8055-9631-cbedb81e5942,MLB
,Lars NootbaarL. Nootbaar,37,2025,STL,89,336,50,76,15,0,12,48,5,85,4,4,391,127,27,0,2,2,4,.226,.330,.378,.708,46,0.2,.314,102,1.1,12,RBI,"['Cardinals', 'Dodgers']",24471b1c-663e-8055-9631-cbedb81e5942,MLB
,Victor Scott IIV. Scott II,33,2025,STL,105,326,47,74,13,1,5,35,8,94,29,2,376,104,19,5,2,0,3,.227,.315,.319,.634,36,-7.8,.288,84,-6.9,12,RBI,"['Cardinals', 'Dodgers']",24471b1c-663e-8055-9631-cbedb81e5942,MLB
,Pedro PagésP. Pagés,32,2025,STL,83,258,27,52,10,0,7,14,1,73,0,0,278,83,17,3,2,0,7,.202,.244,.322,.565,18,-14.7,.248,57,-14,12,RBI,"['Cardinals', 'Dodgers']",24471b1c-663e-8055-9631-cbedb81e5942,MLB
,Nolan GormanN. Gorman,30,2025,STL,68,203,32,45,8,1,9,27,0,71,1,1,233,82,18,0,3,1,1,.222,.309,.404,.713,27,-0.6,.310,100,-0.1,12,RBI,"['Cardinals', 'Dodgers']",24471b1c-663e-8055-9631-cbedb81e5942,MLB
,Jordan WalkerJ. Walker,27,2025,STL,69,225,24,51,10,1,3,17,2,78,4,2,245,72,14,0,1,0,5,.227,.286,.320,.606,20,-8.6,.270,72,-8,12,RBI,"['Cardinals', 'Dodgers']",24471b1c-663e-8055-9631-cbedb81e5942,MLB
,Michael ConfortoM. Conforto,24,2025,LAD,97,300,40,58,17,0,9,41,8,80,1,0,350,102,26,0,1,0,10,.193,.306,.340,.646,35,-6,.292,87,-5.2,12,RBI,"['Cardinals', 'Dodgers']",24471b1c-663e-8055-9631-cbedb81e5942,MLB
,Enrique HernándezE. Hernández,22,2025,LAD,71,169,23,33,5,0,8,15,0,48,0,0,186,62,13,1,1,0,6,.195,.259,.367,.626,16,-5.9,.274,75,-5.5,12,RBI,"['Cardinals', 'Dodgers']",24471b1c-663e-8055-9631-cbedb81e5942,MLB
,Yohel PozoY. Pozo,16,2025,STL,47,116,13,32,8,0,4,4,0,14,0,0,121,52,12,0,1,0,2,.276,.298,.448,.746,15,0.6,.320,106,0.9,12,RBI,"['Cardinals', 'Dodgers']",24471b1c-663e-8055-9631-cbedb81e5942,MLB
,Hyeseong KimH. Kim,15,2025,LAD,58,138,17,42,6,1,2,6,1,42,12,0,146,56,9,1,0,0,0,.304,.338,.406,.744,19,1.5,.326,111,1.8,12,RBI,"['Cardinals', 'Dodgers']",24471b1c-663e-8055-9631-cbedb81e5942,MLB
,Miguel RojasM. Rojas,14,2025,LAD,70,165,21,41,8,0,6,15,0,24,2,0,181,67,14,1,0,0,6,.248,.311,.406,.717,21,0.1,.315,103,0.5,12,RBI,"['Cardinals', 'Dodgers']",24471b1c-663e-8055-9631-cbedb81e5942,MLB
,Dalton RushingD. Rushing,11,2025,LAD,30,83,9,16,3,0,1,7,1,37,0,0,92,22,4,0,1,0,0,.193,.261,.265,.526,5,-5.5,.239,51,-5.3,12,RBI,"['Cardinals', 'Dodgers']",24471b1c-663e-8055-9631-cbedb81e5942,MLB
,,,,,,,,,,,,,,,,,,,,,,,,,,,,,,,,,12,RBI,"['Cardinals', 'Dodgers']",24471b1c-663e-8055-9631-cbedb81e5942,MLB
,,,,,,,,,,,,,,,,,,,,,,,,,,,,,,,,,12,RBI,"['Cardinals', 'Dodgers']",24471b1c-663e-8055-9631-cbedb81e5942,MLB
,,,,,,,,,,,,,,,,,,,,,,,,,,,,,,,,,12,RBI,"['Cardinals', 'Dodgers']",24471b1c-663e-8055-9631-cbedb81e5942,MLB
